region,Name,Continental.region,Price.per.GB...change..5.years.,Dyear,values
IL,Israel,NEAR EAST,-97.57%,D2019,$0.90
IL,Israel,NEAR EAST,-97.57%,D2020,$0.11
IL,Israel,NEAR EAST,-97.57%,D2021,$0.05
IL,Israel,NEAR EAST,-97.57%,D2022,$0.04
IL,Israel,NEAR EAST,-97.57%,D2023,$0.02
IT,Italy,WESTERN EUROPE,-95.04%,D2019,$1.73
IT,Italy,WESTERN EUROPE,-95.04%,D2020,$0.43
IT,Italy,WESTERN EUROPE,-95.04%,D2021,$0.27
IT,Italy,WESTERN EUROPE,-95.04%,D2022,$0.12
IT,Italy,WESTERN EUROPE,-95.04%,D2023,$0.09
FJ,Fiji,OCEANIA,-97.54%,D2019,$3.57
FJ,Fiji,OCEANIA,-97.54%,D2020,$0.59
FJ,Fiji,OCEANIA,-97.54%,D2021,$0.19
FJ,Fiji,OCEANIA,-97.54%,D2022,$0.15
FJ,Fiji,OCEANIA,-97.54%,D2023,$0.09
SM,San Marino,WESTERN EUROPE,-98.60%,D2019,$6.86
SM,San Marino,WESTERN EUROPE,-98.60%,D2020,$1.16
SM,San Marino,WESTERN EUROPE,-98.60%,D2021,$0.43
SM,San Marino,WESTERN EUROPE,-98.60%,D2022,$0.14
SM,San Marino,WESTERN EUROPE,-98.60%,D2023,$0.10
KH,Cambodia,ASIA (EX. NEAR EAST),-98.82%,D2019,$10.18
KH,Cambodia,ASIA (EX. NEAR EAST),-98.82%,D2020,$1.50
KH,Cambodia,ASIA (EX. NEAR EAST),-98.82%,D2021,$0.83
KH,Cambodia,ASIA (EX. NEAR EAST),-98.82%,D2022,$0.42
KH,Cambodia,ASIA (EX. NEAR EAST),-98.82%,D2023,$0.12
PK,Pakistan,ASIA (EX. NEAR EAST),-93.31%,D2019,$1.85
PK,Pakistan,ASIA (EX. NEAR EAST),-93.31%,D2020,$0.69
PK,Pakistan,ASIA (EX. NEAR EAST),-93.31%,D2021,$0.59
PK,Pakistan,ASIA (EX. NEAR EAST),-93.31%,D2022,$0.36
PK,Pakistan,ASIA (EX. NEAR EAST),-93.31%,D2023,$0.12
IN,India,ASIA (EX. NEAR EAST),-38.18%,D2019,$0.26
IN,India,ASIA (EX. NEAR EAST),-38.18%,D2020,$0.09
IN,India,ASIA (EX. NEAR EAST),-38.18%,D2021,$0.68
IN,India,ASIA (EX. NEAR EAST),-38.18%,D2022,$0.17
IN,India,ASIA (EX. NEAR EAST),-38.18%,D2023,$0.16
KG,Kyrgyzstan,CIS (FORMER USSR),-35.17%,D2019,$0.27
KG,Kyrgyzstan,CIS (FORMER USSR),-35.17%,D2020,$0.21
KG,Kyrgyzstan,CIS (FORMER USSR),-35.17%,D2021,$0.15
KG,Kyrgyzstan,CIS (FORMER USSR),-35.17%,D2022,$0.17
KG,Kyrgyzstan,CIS (FORMER USSR),-35.17%,D2023,$0.17
FR,France,WESTERN EUROPE,-83.71%,D2019,$1.21
FR,France,WESTERN EUROPE,-83.71%,D2020,$0.81
FR,France,WESTERN EUROPE,-83.71%,D2021,$0.41
FR,France,WESTERN EUROPE,-83.71%,D2022,$0.23
FR,France,WESTERN EUROPE,-83.71%,D2023,$0.20
CO,Colombia,SOUTH AMERICA,-93.84%,D2019,$3.22
CO,Colombia,SOUTH AMERICA,-93.84%,D2020,$3.46
CO,Colombia,SOUTH AMERICA,-93.84%,D2021,$2.80
CO,Colombia,SOUTH AMERICA,-93.84%,D2022,$0.49
CO,Colombia,SOUTH AMERICA,-93.84%,D2023,$0.20
HT,Haiti,CARIBBEAN,-82.46%,D2019,$1.25
HT,Haiti,CARIBBEAN,-82.46%,D2020,$2.74
HT,Haiti,CARIBBEAN,-82.46%,D2021,$0.85
HT,Haiti,CARIBBEAN,-82.46%,D2022,$0.37
HT,Haiti,CARIBBEAN,-82.46%,D2023,$0.22
BD,Bangladesh,ASIA (EX. NEAR EAST),-76.57%,D2019,$0.99
BD,Bangladesh,ASIA (EX. NEAR EAST),-76.57%,D2020,$0.70
BD,Bangladesh,ASIA (EX. NEAR EAST),-76.57%,D2021,$0.34
BD,Bangladesh,ASIA (EX. NEAR EAST),-76.57%,D2022,$0.32
BD,Bangladesh,ASIA (EX. NEAR EAST),-76.57%,D2023,$0.23
LK,Sri Lanka,ASIA (EX. NEAR EAST),-68.10%,D2019,$0.78
LK,Sri Lanka,ASIA (EX. NEAR EAST),-68.10%,D2020,$0.51
LK,Sri Lanka,ASIA (EX. NEAR EAST),-68.10%,D2021,$0.38
LK,Sri Lanka,ASIA (EX. NEAR EAST),-68.10%,D2022,$0.27
LK,Sri Lanka,ASIA (EX. NEAR EAST),-68.10%,D2023,$0.25
LA,Lao People's Democratic Republic,ASIA (EX. NEAR EAST),-92.61%,D2019,$3.42
LA,Lao People's Democratic Republic,ASIA (EX. NEAR EAST),-92.61%,D2020,$4.16
LA,Lao People's Democratic Republic,ASIA (EX. NEAR EAST),-92.61%,D2021,$3.19
LA,Lao People's Democratic Republic,ASIA (EX. NEAR EAST),-92.61%,D2022,$0.99
LA,Lao People's Democratic Republic,ASIA (EX. NEAR EAST),-92.61%,D2023,$0.25
RU,Russian Federation,CIS (FORMER USSR),-72.19%,D2019,$0.91
RU,Russian Federation,CIS (FORMER USSR),-72.19%,D2020,$0.52
RU,Russian Federation,CIS (FORMER USSR),-72.19%,D2021,$0.29
RU,Russian Federation,CIS (FORMER USSR),-72.19%,D2022,$0.48
RU,Russian Federation,CIS (FORMER USSR),-72.19%,D2023,$0.25
UA,Ukraine,CIS (FORMER USSR),-95.44%,D2019,$5.93
UA,Ukraine,CIS (FORMER USSR),-95.44%,D2020,$0.46
UA,Ukraine,CIS (FORMER USSR),-95.44%,D2021,$0.75
UA,Ukraine,CIS (FORMER USSR),-95.44%,D2022,$0.43
UA,Ukraine,CIS (FORMER USSR),-95.44%,D2023,$0.27
ID,Indonesia,ASIA (EX. NEAR EAST),-90.77%,D2019,$2.99
ID,Indonesia,ASIA (EX. NEAR EAST),-90.77%,D2020,$0.64
ID,Indonesia,ASIA (EX. NEAR EAST),-90.77%,D2021,$0.42
ID,Indonesia,ASIA (EX. NEAR EAST),-90.77%,D2022,$0.46
ID,Indonesia,ASIA (EX. NEAR EAST),-90.77%,D2023,$0.28
UY,Uruguay,SOUTH AMERICA,-90.09%,D2019,$2.80
UY,Uruguay,SOUTH AMERICA,-90.09%,D2020,$1.58
UY,Uruguay,SOUTH AMERICA,-90.09%,D2021,$1.51
UY,Uruguay,SOUTH AMERICA,-90.09%,D2022,$0.27
UY,Uruguay,SOUTH AMERICA,-90.09%,D2023,$0.28
MD,Moldova,EASTERN EUROPE,-90.10%,D2019,$2.82
MD,Moldova,EASTERN EUROPE,-90.10%,D2020,$1.12
MD,Moldova,EASTERN EUROPE,-90.10%,D2021,$0.32
MD,Moldova,EASTERN EUROPE,-90.10%,D2022,$0.26
MD,Moldova,EASTERN EUROPE,-90.10%,D2023,$0.28
MY,Malaysia,ASIA (EX. NEAR EAST),-82.81%,D2019,$1.66
MY,Malaysia,ASIA (EX. NEAR EAST),-82.81%,D2020,$1.12
MY,Malaysia,ASIA (EX. NEAR EAST),-82.81%,D2021,$0.89
MY,Malaysia,ASIA (EX. NEAR EAST),-82.81%,D2022,$0.45
MY,Malaysia,ASIA (EX. NEAR EAST),-82.81%,D2023,$0.28
VN,Vietnam,ASIA (EX. NEAR EAST),-77.73%,D2019,$1.31
VN,Vietnam,ASIA (EX. NEAR EAST),-77.73%,D2020,$0.57
VN,Vietnam,ASIA (EX. NEAR EAST),-77.73%,D2021,$0.49
VN,Vietnam,ASIA (EX. NEAR EAST),-77.73%,D2022,$0.61
VN,Vietnam,ASIA (EX. NEAR EAST),-77.73%,D2023,$0.29
UZ,Uzbekistan,CIS (FORMER USSR),-90.78%,D2019,$3.27
UZ,Uzbekistan,CIS (FORMER USSR),-90.78%,D2020,$1.34
UZ,Uzbekistan,CIS (FORMER USSR),-90.78%,D2021,$0.60
UZ,Uzbekistan,CIS (FORMER USSR),-90.78%,D2022,$0.37
UZ,Uzbekistan,CIS (FORMER USSR),-90.78%,D2023,$0.30
TT,Trinidad and Tobago,CARIBBEAN,-88.14%,D2019,$2.69
TT,Trinidad and Tobago,CARIBBEAN,-88.14%,D2020,$5.92
TT,Trinidad and Tobago,CARIBBEAN,-88.14%,D2021,$1.90
TT,Trinidad and Tobago,CARIBBEAN,-88.14%,D2022,$0.98
TT,Trinidad and Tobago,CARIBBEAN,-88.14%,D2023,$0.32
ME,Montenegro,EASTERN EUROPE,-88.65%,D2019,$2.83
ME,Montenegro,EASTERN EUROPE,-88.65%,D2020,$3.94
ME,Montenegro,EASTERN EUROPE,-88.65%,D2021,$2.12
ME,Montenegro,EASTERN EUROPE,-88.65%,D2022,$0.60
ME,Montenegro,EASTERN EUROPE,-88.65%,D2023,$0.32
MQ,Martinique,CARIBBEAN,-95.30%,D2019,$7.12
MQ,Martinique,CARIBBEAN,-95.30%,D2020,$2.60
MQ,Martinique,CARIBBEAN,-95.30%,D2021,$3.46
MQ,Martinique,CARIBBEAN,-95.30%,D2022,$1.33
MQ,Martinique,CARIBBEAN,-95.30%,D2023,$0.33
WS,Samoa,OCEANIA,-98.80%,D2019,$30.09
WS,Samoa,OCEANIA,-98.80%,D2020,$10.86
WS,Samoa,OCEANIA,-98.80%,D2021,$0.56
WS,Samoa,OCEANIA,-98.80%,D2022,$0.94
WS,Samoa,OCEANIA,-98.80%,D2023,$0.36
PL,Poland,EASTERN EUROPE,-71.95%,D2019,$1.32
PL,Poland,EASTERN EUROPE,-71.95%,D2020,$0.70
PL,Poland,EASTERN EUROPE,-71.95%,D2021,$0.64
PL,Poland,EASTERN EUROPE,-71.95%,D2022,$0.41
PL,Poland,EASTERN EUROPE,-71.95%,D2023,$0.37
CN,China,ASIA (EX. NEAR EAST),-96.21%,D2019,$9.89
CN,China,ASIA (EX. NEAR EAST),-96.21%,D2020,$0.61
CN,China,ASIA (EX. NEAR EAST),-96.21%,D2021,$0.52
CN,China,ASIA (EX. NEAR EAST),-96.21%,D2022,$0.41
CN,China,ASIA (EX. NEAR EAST),-96.21%,D2023,$0.38
MW,Malawi,SUB-SAHARAN AFRICA,-89.39%,D2019,$3.59
MW,Malawi,SUB-SAHARAN AFRICA,-89.39%,D2020,$27.41
MW,Malawi,SUB-SAHARAN AFRICA,-89.39%,D2021,$25.46
MW,Malawi,SUB-SAHARAN AFRICA,-89.39%,D2022,$2.72
MW,Malawi,SUB-SAHARAN AFRICA,-89.39%,D2023,$0.38
MN,Mongolia,ASIA (EX. NEAR EAST),-53.21%,D2019,$0.82
MN,Mongolia,ASIA (EX. NEAR EAST),-53.21%,D2020,$0.74
MN,Mongolia,ASIA (EX. NEAR EAST),-53.21%,D2021,$0.60
MN,Mongolia,ASIA (EX. NEAR EAST),-53.21%,D2022,$0.67
MN,Mongolia,ASIA (EX. NEAR EAST),-53.21%,D2023,$0.38
NG,Nigeria,SUB-SAHARAN AFRICA,-95.03%,D2019,$7.91
NG,Nigeria,SUB-SAHARAN AFRICA,-95.03%,D2020,$1.39
NG,Nigeria,SUB-SAHARAN AFRICA,-95.03%,D2021,$0.88
NG,Nigeria,SUB-SAHARAN AFRICA,-95.03%,D2022,$0.71
NG,Nigeria,SUB-SAHARAN AFRICA,-95.03%,D2023,$0.39
BR,Brazil,SOUTH AMERICA,-88.51%,D2019,$3.50
BR,Brazil,SOUTH AMERICA,-88.51%,D2020,$1.01
BR,Brazil,SOUTH AMERICA,-88.51%,D2021,$0.92
BR,Brazil,SOUTH AMERICA,-88.51%,D2022,$0.74
BR,Brazil,SOUTH AMERICA,-88.51%,D2023,$0.40
GH,Ghana,SUB-SAHARAN AFRICA,-74.12%,D2019,$1.56
GH,Ghana,SUB-SAHARAN AFRICA,-74.12%,D2020,$0.94
GH,Ghana,SUB-SAHARAN AFRICA,-74.12%,D2021,$0.66
GH,Ghana,SUB-SAHARAN AFRICA,-74.12%,D2022,$0.61
GH,Ghana,SUB-SAHARAN AFRICA,-74.12%,D2023,$0.40
TH,Thailand,ASIA (EX. NEAR EAST),-85.36%,D2019,$2.78
TH,Thailand,ASIA (EX. NEAR EAST),-85.36%,D2020,$1.23
TH,Thailand,ASIA (EX. NEAR EAST),-85.36%,D2021,$1.06
TH,Thailand,ASIA (EX. NEAR EAST),-85.36%,D2022,$0.38
TH,Thailand,ASIA (EX. NEAR EAST),-85.36%,D2023,$0.41
KZ,Kazakhstan,CIS (FORMER USSR),-17.06%,D2019,$0.49
KZ,Kazakhstan,CIS (FORMER USSR),-17.06%,D2020,$0.46
KZ,Kazakhstan,CIS (FORMER USSR),-17.06%,D2021,$0.59
KZ,Kazakhstan,CIS (FORMER USSR),-17.06%,D2022,$0.37
KZ,Kazakhstan,CIS (FORMER USSR),-17.06%,D2023,$0.41
MC,Monaco,WESTERN EUROPE,-65.42%,D2019,$1.21
MC,Monaco,WESTERN EUROPE,-65.42%,D2020,$0.98
MC,Monaco,WESTERN EUROPE,-65.42%,D2021,$1.08
MC,Monaco,WESTERN EUROPE,-65.42%,D2022,$0.40
MC,Monaco,WESTERN EUROPE,-65.42%,D2023,$0.42
NP,Nepal,ASIA (EX. NEAR EAST),-80.82%,D2019,$2.25
NP,Nepal,ASIA (EX. NEAR EAST),-80.82%,D2020,$0.86
NP,Nepal,ASIA (EX. NEAR EAST),-80.82%,D2021,$0.61
NP,Nepal,ASIA (EX. NEAR EAST),-80.82%,D2022,$0.27
NP,Nepal,ASIA (EX. NEAR EAST),-80.82%,D2023,$0.43
TR,Turkey,NEAR EAST,-80.62%,D2019,$2.25
TR,Turkey,NEAR EAST,-80.62%,D2020,$0.72
TR,Turkey,NEAR EAST,-80.62%,D2021,$0.63
TR,Turkey,NEAR EAST,-80.62%,D2022,$0.39
TR,Turkey,NEAR EAST,-80.62%,D2023,$0.44
AU,Australia,OCEANIA,-82.24%,D2019,$2.47
AU,Australia,OCEANIA,-82.24%,D2020,$0.68
AU,Australia,OCEANIA,-82.24%,D2021,$0.70
AU,Australia,OCEANIA,-82.24%,D2022,$0.57
AU,Australia,OCEANIA,-82.24%,D2023,$0.44
PE,Peru,SOUTH AMERICA,-82.00%,D2019,$2.48
PE,Peru,SOUTH AMERICA,-82.00%,D2020,$2.13
PE,Peru,SOUTH AMERICA,-82.00%,D2021,$1.15
PE,Peru,SOUTH AMERICA,-82.00%,D2022,$1.01
PE,Peru,SOUTH AMERICA,-82.00%,D2023,$0.45
RE,Réunion,SUB-SAHARAN AFRICA,-70.76%,D2019,$1.65
RE,Réunion,SUB-SAHARAN AFRICA,-70.76%,D2020,$0.72
RE,Réunion,SUB-SAHARAN AFRICA,-70.76%,D2021,$0.76
RE,Réunion,SUB-SAHARAN AFRICA,-70.76%,D2022,$0.70
RE,Réunion,SUB-SAHARAN AFRICA,-70.76%,D2023,$0.48
ES,Spain,WESTERN EUROPE,-13.73%,D2019,$0.56
ES,Spain,WESTERN EUROPE,-13.73%,D2020,$1.81
ES,Spain,WESTERN EUROPE,-13.73%,D2021,$1.24
ES,Spain,WESTERN EUROPE,-13.73%,D2022,$0.60
ES,Spain,WESTERN EUROPE,-13.73%,D2023,$0.48
GP,Guadeloupe,CARIBBEAN,-91.87%,D2019,$6.06
GP,Guadeloupe,CARIBBEAN,-91.87%,D2020,$2.42
GP,Guadeloupe,CARIBBEAN,-91.87%,D2021,$0.89
GP,Guadeloupe,CARIBBEAN,-91.87%,D2022,$1.10
GP,Guadeloupe,CARIBBEAN,-91.87%,D2023,$0.49
GF,French Guiana,SOUTH AMERICA,-96.32%,D2019,$13.41
GF,French Guiana,SOUTH AMERICA,-96.32%,D2020,$3.61
GF,French Guiana,SOUTH AMERICA,-96.32%,D2021,$1.58
GF,French Guiana,SOUTH AMERICA,-96.32%,D2022,$1.50
GF,French Guiana,SOUTH AMERICA,-96.32%,D2023,$0.49
SO,Somalia,SUB-SAHARAN AFRICA,-91.92%,D2019,$6.19
SO,Somalia,SUB-SAHARAN AFRICA,-91.92%,D2020,$0.50
SO,Somalia,SUB-SAHARAN AFRICA,-91.92%,D2021,$0.60
SO,Somalia,SUB-SAHARAN AFRICA,-91.92%,D2022,$0.63
SO,Somalia,SUB-SAHARAN AFRICA,-91.92%,D2023,$0.50
AT,Austria,WESTERN EUROPE,-73.14%,D2019,$1.88
AT,Austria,WESTERN EUROPE,-73.14%,D2020,$1.08
AT,Austria,WESTERN EUROPE,-73.14%,D2021,$1.17
AT,Austria,WESTERN EUROPE,-73.14%,D2022,$0.94
AT,Austria,WESTERN EUROPE,-73.14%,D2023,$0.51
KW,Kuwait,NEAR EAST,-74.22%,D2019,$2.01
KW,Kuwait,NEAR EAST,-74.22%,D2020,$0.77
KW,Kuwait,NEAR EAST,-74.22%,D2021,$0.81
KW,Kuwait,NEAR EAST,-74.22%,D2022,$0.71
KW,Kuwait,NEAR EAST,-74.22%,D2023,$0.52
FI,Finland,WESTERN EUROPE,-55.27%,D2019,$1.16
FI,Finland,WESTERN EUROPE,-55.27%,D2020,$2.14
FI,Finland,WESTERN EUROPE,-55.27%,D2021,$0.97
FI,Finland,WESTERN EUROPE,-55.27%,D2022,$7.47
FI,Finland,WESTERN EUROPE,-55.27%,D2023,$0.52
CD,Congo (Democratic Republic of),SUB-SAHARAN AFRICA,MISSSING DATA,D2019,NO PACKAGES
CD,Congo (Democratic Republic of),SUB-SAHARAN AFRICA,MISSSING DATA,D2020,NO PACKAGES
CD,Congo (Democratic Republic of),SUB-SAHARAN AFRICA,MISSSING DATA,D2021,NO PACKAGES
CD,Congo (Democratic Republic of),SUB-SAHARAN AFRICA,MISSSING DATA,D2022,NO PACKAGES
CD,Congo (Democratic Republic of),SUB-SAHARAN AFRICA,MISSSING DATA,D2023,$0.52
RO,Romania,EASTERN EUROPE,-71.66%,D2019,$1.89
RO,Romania,EASTERN EUROPE,-71.66%,D2020,$1.03
RO,Romania,EASTERN EUROPE,-71.66%,D2021,$1.18
RO,Romania,EASTERN EUROPE,-71.66%,D2022,$0.45
RO,Romania,EASTERN EUROPE,-71.66%,D2023,$0.54
NI,Nicaragua,CENTRAL AMERICA,-99.17%,D2019,$65.83
NI,Nicaragua,CENTRAL AMERICA,-99.17%,D2020,$1.71
NI,Nicaragua,CENTRAL AMERICA,-99.17%,D2021,$0.94
NI,Nicaragua,CENTRAL AMERICA,-99.17%,D2022,$0.70
NI,Nicaragua,CENTRAL AMERICA,-99.17%,D2023,$0.55
RW,Rwanda,SUB-SAHARAN AFRICA,-85.41%,D2019,$3.79
RW,Rwanda,SUB-SAHARAN AFRICA,-85.41%,D2020,$1.48
RW,Rwanda,SUB-SAHARAN AFRICA,-85.41%,D2021,$1.25
RW,Rwanda,SUB-SAHARAN AFRICA,-85.41%,D2022,$1.10
RW,Rwanda,SUB-SAHARAN AFRICA,-85.41%,D2023,$0.55
EH,Western Sahara,NORTHERN AFRICA,-51.05%,D2019,$1.18
EH,Western Sahara,NORTHERN AFRICA,-51.05%,D2020,$0.99
EH,Western Sahara,NORTHERN AFRICA,-51.05%,D2021,$0.88
EH,Western Sahara,NORTHERN AFRICA,-51.05%,D2022,$0.72
EH,Western Sahara,NORTHERN AFRICA,-51.05%,D2023,$0.58
RS,Serbia,EASTERN EUROPE,-88.03%,D2019,$4.83
RS,Serbia,EASTERN EUROPE,-88.03%,D2020,$1.60
RS,Serbia,EASTERN EUROPE,-88.03%,D2021,$1.30
RS,Serbia,EASTERN EUROPE,-88.03%,D2022,$0.76
RS,Serbia,EASTERN EUROPE,-88.03%,D2023,$0.58
PH,Philippines,ASIA (EX. NEAR EAST),-81.40%,D2019,$3.16
PH,Philippines,ASIA (EX. NEAR EAST),-81.40%,D2020,$1.42
PH,Philippines,ASIA (EX. NEAR EAST),-81.40%,D2021,$1.77
PH,Philippines,ASIA (EX. NEAR EAST),-81.40%,D2022,$0.52
PH,Philippines,ASIA (EX. NEAR EAST),-81.40%,D2023,$0.59
TC,Turks and Caicos Islands,CARIBBEAN,-97.45%,D2019,$23.09
TC,Turks and Caicos Islands,CARIBBEAN,-97.45%,D2020,$13.33
TC,Turks and Caicos Islands,CARIBBEAN,-97.45%,D2021,$8.00
TC,Turks and Caicos Islands,CARIBBEAN,-97.45%,D2022,$14.27
TC,Turks and Caicos Islands,CARIBBEAN,-97.45%,D2023,$0.59
KE,Kenya,SUB-SAHARAN AFRICA,-78.43%,D2019,$2.73
KE,Kenya,SUB-SAHARAN AFRICA,-78.43%,D2020,$1.05
KE,Kenya,SUB-SAHARAN AFRICA,-78.43%,D2021,$2.25
KE,Kenya,SUB-SAHARAN AFRICA,-78.43%,D2022,$0.84
KE,Kenya,SUB-SAHARAN AFRICA,-78.43%,D2023,$0.59
GB,United Kingdom,WESTERN EUROPE,-90.63%,D2019,$6.66
GB,United Kingdom,WESTERN EUROPE,-90.63%,D2020,$1.39
GB,United Kingdom,WESTERN EUROPE,-90.63%,D2021,$1.42
GB,United Kingdom,WESTERN EUROPE,-90.63%,D2022,$0.79
GB,United Kingdom,WESTERN EUROPE,-90.63%,D2023,$0.62
SG,Singapore,ASIA (EX. NEAR EAST),-78.18%,D2019,$2.87
SG,Singapore,ASIA (EX. NEAR EAST),-78.18%,D2020,$2.47
SG,Singapore,ASIA (EX. NEAR EAST),-78.18%,D2021,$1.09
SG,Singapore,ASIA (EX. NEAR EAST),-78.18%,D2022,$0.61
SG,Singapore,ASIA (EX. NEAR EAST),-78.18%,D2023,$0.63
MA,Morocco,NORTHERN AFRICA,-61.89%,D2019,$1.66
MA,Morocco,NORTHERN AFRICA,-61.89%,D2020,$0.99
MA,Morocco,NORTHERN AFRICA,-61.89%,D2021,$0.88
MA,Morocco,NORTHERN AFRICA,-61.89%,D2022,$0.69
MA,Morocco,NORTHERN AFRICA,-61.89%,D2023,$0.63
CL,Chile,SOUTH AMERICA,-65.90%,D2019,$1.87
CL,Chile,SOUTH AMERICA,-65.90%,D2020,$0.71
CL,Chile,SOUTH AMERICA,-65.90%,D2021,$0.39
CL,Chile,SOUTH AMERICA,-65.90%,D2022,$0.51
CL,Chile,SOUTH AMERICA,-65.90%,D2023,$0.64
EG,Egypt,NORTHERN AFRICA,-56.65%,D2019,$1.49
EG,Egypt,NORTHERN AFRICA,-56.65%,D2020,$1.09
EG,Egypt,NORTHERN AFRICA,-56.65%,D2021,$1.04
EG,Egypt,NORTHERN AFRICA,-56.65%,D2022,$0.93
EG,Egypt,NORTHERN AFRICA,-56.65%,D2023,$0.65
SY,Syria,NEAR EAST,-83.88%,D2019,$4.14
SY,Syria,NEAR EAST,-83.88%,D2020,$6.55
SY,Syria,NEAR EAST,-83.88%,D2021,$7.15
SY,Syria,NEAR EAST,-83.88%,D2022,$17.88
SY,Syria,NEAR EAST,-83.88%,D2023,$0.67
MU,Mauritius,SUB-SAHARAN AFRICA,30.01%,D2019,$0.51
MU,Mauritius,SUB-SAHARAN AFRICA,30.01%,D2020,$0.69
MU,Mauritius,SUB-SAHARAN AFRICA,30.01%,D2021,$0.75
MU,Mauritius,SUB-SAHARAN AFRICA,30.01%,D2022,$0.87
MU,Mauritius,SUB-SAHARAN AFRICA,30.01%,D2023,$0.67
SL,Sierra Leone,SUB-SAHARAN AFRICA,-92.74%,D2019,$9.22
SL,Sierra Leone,SUB-SAHARAN AFRICA,-92.74%,D2020,$3.69
SL,Sierra Leone,SUB-SAHARAN AFRICA,-92.74%,D2021,$3.26
SL,Sierra Leone,SUB-SAHARAN AFRICA,-92.74%,D2022,$1.26
SL,Sierra Leone,SUB-SAHARAN AFRICA,-92.74%,D2023,$0.67
BY,Belarus,CIS (FORMER USSR),-71.59%,D2019,$2.36
BY,Belarus,CIS (FORMER USSR),-71.59%,D2020,$0.89
BY,Belarus,CIS (FORMER USSR),-71.59%,D2021,$0.43
BY,Belarus,CIS (FORMER USSR),-71.59%,D2022,$0.79
BY,Belarus,CIS (FORMER USSR),-71.59%,D2023,$0.67
GI,Gibraltar,WESTERN EUROPE,-78.36%,D2019,$3.10
GI,Gibraltar,WESTERN EUROPE,-78.36%,D2020,$7.38
GI,Gibraltar,WESTERN EUROPE,-78.36%,D2021,$2.78
GI,Gibraltar,WESTERN EUROPE,-78.36%,D2022,$1.26
GI,Gibraltar,WESTERN EUROPE,-78.36%,D2023,$0.67
CG,Congo,SUB-SAHARAN AFRICA,-85.06%,D2019,$4.57
CG,Congo,SUB-SAHARAN AFRICA,-85.06%,D2020,$1.94
CG,Congo,SUB-SAHARAN AFRICA,-85.06%,D2021,$2.88
CG,Congo,SUB-SAHARAN AFRICA,-85.06%,D2022,$1.03
CG,Congo,SUB-SAHARAN AFRICA,-85.06%,D2023,$0.68
ET,Ethiopia,SUB-SAHARAN AFRICA,-66.82%,D2019,$2.06
ET,Ethiopia,SUB-SAHARAN AFRICA,-66.82%,D2020,$2.44
ET,Ethiopia,SUB-SAHARAN AFRICA,-66.82%,D2021,$1.71
ET,Ethiopia,SUB-SAHARAN AFRICA,-66.82%,D2022,$1.00
ET,Ethiopia,SUB-SAHARAN AFRICA,-66.82%,D2023,$0.68
DK,Denmark,WESTERN EUROPE,-49.14%,D2019,$1.36
DK,Denmark,WESTERN EUROPE,-49.14%,D2020,$0.80
DK,Denmark,WESTERN EUROPE,-49.14%,D2021,$0.79
DK,Denmark,WESTERN EUROPE,-49.14%,D2022,$0.43
DK,Denmark,WESTERN EUROPE,-49.14%,D2023,$0.69
TW,Taiwan,ASIA (EX. NEAR EAST),-94.24%,D2019,$12.02
TW,Taiwan,ASIA (EX. NEAR EAST),-94.24%,D2020,$5.91
TW,Taiwan,ASIA (EX. NEAR EAST),-94.24%,D2021,$5.67
TW,Taiwan,ASIA (EX. NEAR EAST),-94.24%,D2022,$0.74
TW,Taiwan,ASIA (EX. NEAR EAST),-94.24%,D2023,$0.69
JM,Jamaica,CARIBBEAN,-71.33%,D2019,$2.43
JM,Jamaica,CARIBBEAN,-71.33%,D2020,$3.88
JM,Jamaica,CARIBBEAN,-71.33%,D2021,$2.74
JM,Jamaica,CARIBBEAN,-71.33%,D2022,$1.21
JM,Jamaica,CARIBBEAN,-71.33%,D2023,$0.70
BT,Bhutan,ASIA (EX. NEAR EAST),-52.60%,D2019,$1.49
BT,Bhutan,ASIA (EX. NEAR EAST),-52.60%,D2020,$1.16
BT,Bhutan,ASIA (EX. NEAR EAST),-52.60%,D2021,$0.83
BT,Bhutan,ASIA (EX. NEAR EAST),-52.60%,D2022,$0.39
BT,Bhutan,ASIA (EX. NEAR EAST),-52.60%,D2023,$0.71
YT,Mayotte,SUB-SAHARAN AFRICA,-67.87%,D2019,$2.22
YT,Mayotte,SUB-SAHARAN AFRICA,-67.87%,D2020,$1.08
YT,Mayotte,SUB-SAHARAN AFRICA,-67.87%,D2021,$0.82
YT,Mayotte,SUB-SAHARAN AFRICA,-67.87%,D2022,$1.23
YT,Mayotte,SUB-SAHARAN AFRICA,-67.87%,D2023,$0.71
DZ,Algeria,NORTHERN AFRICA,-85.85%,D2019,$5.15
DZ,Algeria,NORTHERN AFRICA,-85.85%,D2020,$0.65
DZ,Algeria,NORTHERN AFRICA,-85.85%,D2021,$0.51
DZ,Algeria,NORTHERN AFRICA,-85.85%,D2022,$0.48
DZ,Algeria,NORTHERN AFRICA,-85.85%,D2023,$0.73
PF,French Polynesia,OCEANIA,-84.95%,D2019,$4.96
PF,French Polynesia,OCEANIA,-84.95%,D2020,$15.42
PF,French Polynesia,OCEANIA,-84.95%,D2021,$4.20
PF,French Polynesia,OCEANIA,-84.95%,D2022,$0.74
PF,French Polynesia,OCEANIA,-84.95%,D2023,$0.75
JO,Jordan,NEAR EAST,-57.80%,D2019,$1.79
JO,Jordan,NEAR EAST,-57.80%,D2020,$1.03
JO,Jordan,NEAR EAST,-57.80%,D2021,$1.41
JO,Jordan,NEAR EAST,-57.80%,D2022,$0.63
JO,Jordan,NEAR EAST,-57.80%,D2023,$0.76
MZ,Mozambique,SUB-SAHARAN AFRICA,-93.89%,D2019,$12.82
MZ,Mozambique,SUB-SAHARAN AFRICA,-93.89%,D2020,$3.33
MZ,Mozambique,SUB-SAHARAN AFRICA,-93.89%,D2021,$2.79
MZ,Mozambique,SUB-SAHARAN AFRICA,-93.89%,D2022,$1.33
MZ,Mozambique,SUB-SAHARAN AFRICA,-93.89%,D2023,$0.78
HN,Honduras,CENTRAL AMERICA,-83.30%,D2019,$4.69
HN,Honduras,CENTRAL AMERICA,-83.30%,D2020,$3.12
HN,Honduras,CENTRAL AMERICA,-83.30%,D2021,$1.56
HN,Honduras,CENTRAL AMERICA,-83.30%,D2022,$0.76
HN,Honduras,CENTRAL AMERICA,-83.30%,D2023,$0.78
DO,Dominican Republic,CARIBBEAN,-38.05%,D2019,$1.28
DO,Dominican Republic,CARIBBEAN,-38.05%,D2020,$0.74
DO,Dominican Republic,CARIBBEAN,-38.05%,D2021,$1.51
DO,Dominican Republic,CARIBBEAN,-38.05%,D2022,$0.94
DO,Dominican Republic,CARIBBEAN,-38.05%,D2023,$0.79
BL,Saint Barthélemy (St. Barts),CARIBBEAN,-84.05%,D2019,$5.04
BL,Saint Barthélemy (St. Barts),CARIBBEAN,-84.05%,D2020,$4.06
BL,Saint Barthélemy (St. Barts),CARIBBEAN,-84.05%,D2021,$2.36
BL,Saint Barthélemy (St. Barts),CARIBBEAN,-84.05%,D2022,$1.55
BL,Saint Barthélemy (St. Barts),CARIBBEAN,-84.05%,D2023,$0.80
HK,Hong Kong,ASIA (EX. NEAR EAST),-88.60%,D2019,$7.15
HK,Hong Kong,ASIA (EX. NEAR EAST),-88.60%,D2020,$2.55
HK,Hong Kong,ASIA (EX. NEAR EAST),-88.60%,D2021,$2.30
HK,Hong Kong,ASIA (EX. NEAR EAST),-88.60%,D2022,$1.25
HK,Hong Kong,ASIA (EX. NEAR EAST),-88.60%,D2023,$0.82
LY,Libya,NORTHERN AFRICA,-83.07%,D2019,$4.87
LY,Libya,NORTHERN AFRICA,-83.07%,D2020,$4.73
LY,Libya,NORTHERN AFRICA,-83.07%,D2021,$0.74
LY,Libya,NORTHERN AFRICA,-83.07%,D2022,$0.61
LY,Libya,NORTHERN AFRICA,-83.07%,D2023,$0.82
TZ,Tanzania,SUB-SAHARAN AFRICA,-77.39%,D2019,$3.71
TZ,Tanzania,SUB-SAHARAN AFRICA,-77.39%,D2020,$0.73
TZ,Tanzania,SUB-SAHARAN AFRICA,-77.39%,D2021,$0.75
TZ,Tanzania,SUB-SAHARAN AFRICA,-77.39%,D2022,$0.71
TZ,Tanzania,SUB-SAHARAN AFRICA,-77.39%,D2023,$0.84
SI,Slovenia,EASTERN EUROPE,-61.94%,D2019,$2.21
SI,Slovenia,EASTERN EUROPE,-61.94%,D2020,$1.48
SI,Slovenia,EASTERN EUROPE,-61.94%,D2021,$1.72
SI,Slovenia,EASTERN EUROPE,-61.94%,D2022,$1.62
SI,Slovenia,EASTERN EUROPE,-61.94%,D2023,$0.84
MK,Macedonia,EASTERN EUROPE,-76.20%,D2019,$3.62
MK,Macedonia,EASTERN EUROPE,-76.20%,D2020,$1.75
MK,Macedonia,EASTERN EUROPE,-76.20%,D2021,$0.96
MK,Macedonia,EASTERN EUROPE,-76.20%,D2022,$0.92
MK,Macedonia,EASTERN EUROPE,-76.20%,D2023,$0.86
SR,Suriname,SOUTH AMERICA,-84.39%,D2019,$6.08
SR,Suriname,SOUTH AMERICA,-84.39%,D2020,$4.92
SR,Suriname,SOUTH AMERICA,-84.39%,D2021,$1.94
SR,Suriname,SOUTH AMERICA,-84.39%,D2022,$1.78
SR,Suriname,SOUTH AMERICA,-84.39%,D2023,$0.95
AM,Armenia,CIS (FORMER USSR),-61.10%,D2019,$2.51
AM,Armenia,CIS (FORMER USSR),-61.10%,D2020,$1.05
AM,Armenia,CIS (FORMER USSR),-61.10%,D2021,$0.76
AM,Armenia,CIS (FORMER USSR),-61.10%,D2022,$0.91
AM,Armenia,CIS (FORMER USSR),-61.10%,D2023,$0.98
MM,Myanmar,ASIA (EX. NEAR EAST),13.67%,D2019,$0.87
MM,Myanmar,ASIA (EX. NEAR EAST),13.67%,D2020,$0.78
MM,Myanmar,ASIA (EX. NEAR EAST),13.67%,D2021,$0.78
MM,Myanmar,ASIA (EX. NEAR EAST),13.67%,D2022,$1.11
MM,Myanmar,ASIA (EX. NEAR EAST),13.67%,D2023,$0.99
EC,Ecuador,SOUTH AMERICA,-85.56%,D2019,$6.93
EC,Ecuador,SOUTH AMERICA,-85.56%,D2020,$3.24
EC,Ecuador,SOUTH AMERICA,-85.56%,D2021,$1.06
EC,Ecuador,SOUTH AMERICA,-85.56%,D2022,$1.00
EC,Ecuador,SOUTH AMERICA,-85.56%,D2023,$1.00
AO,Angola,SUB-SAHARAN AFRICA,-87.33%,D2019,$7.95
AO,Angola,SUB-SAHARAN AFRICA,-87.33%,D2020,$5.29
AO,Angola,SUB-SAHARAN AFRICA,-87.33%,D2021,$1.61
AO,Angola,SUB-SAHARAN AFRICA,-87.33%,D2022,$2.67
AO,Angola,SUB-SAHARAN AFRICA,-87.33%,D2023,$1.01
AF,Afghanistan,ASIA (EX. NEAR EAST),-36.16%,D2019,$1.60
AF,Afghanistan,ASIA (EX. NEAR EAST),-36.16%,D2020,$1.55
AF,Afghanistan,ASIA (EX. NEAR EAST),-36.16%,D2021,$1.02
AF,Afghanistan,ASIA (EX. NEAR EAST),-36.16%,D2022,$0.90
AF,Afghanistan,ASIA (EX. NEAR EAST),-36.16%,D2023,$1.02
BA,Bosnia and Herzegovina,EASTERN EUROPE,-66.33%,D2019,$3.05
BA,Bosnia and Herzegovina,EASTERN EUROPE,-66.33%,D2020,$3.04
BA,Bosnia and Herzegovina,EASTERN EUROPE,-66.33%,D2021,$2.39
BA,Bosnia and Herzegovina,EASTERN EUROPE,-66.33%,D2022,$3.06
BA,Bosnia and Herzegovina,EASTERN EUROPE,-66.33%,D2023,$1.03
PY,Paraguay,SOUTH AMERICA,-91.01%,D2019,$11.56
PY,Paraguay,SOUTH AMERICA,-91.01%,D2020,$2.30
PY,Paraguay,SOUTH AMERICA,-91.01%,D2021,$2.53
PY,Paraguay,SOUTH AMERICA,-91.01%,D2022,$1.08
PY,Paraguay,SOUTH AMERICA,-91.01%,D2023,$1.04
VE,Venezuela,SOUTH AMERICA,MISSSING DATA,D2019,NO PACKAGES
VE,Venezuela,SOUTH AMERICA,MISSSING DATA,D2020,NO PACKAGES
VE,Venezuela,SOUTH AMERICA,MISSSING DATA,D2021,NO PACKAGES
VE,Venezuela,SOUTH AMERICA,MISSSING DATA,D2022,$2.51
VE,Venezuela,SOUTH AMERICA,MISSSING DATA,D2023,$1.05
VC,Saint Vincent and the Grenadines,CARIBBEAN,-70.58%,D2019,$3.58
VC,Saint Vincent and the Grenadines,CARIBBEAN,-70.58%,D2020,$3.33
VC,Saint Vincent and the Grenadines,CARIBBEAN,-70.58%,D2021,$2.41
VC,Saint Vincent and the Grenadines,CARIBBEAN,-70.58%,D2022,$2.49
VC,Saint Vincent and the Grenadines,CARIBBEAN,-70.58%,D2023,$1.05
IQ,Iraq,NEAR EAST,-86.65%,D2019,$8.00
IQ,Iraq,NEAR EAST,-86.65%,D2020,$4.20
IQ,Iraq,NEAR EAST,-86.65%,D2021,$1.14
IQ,Iraq,NEAR EAST,-86.65%,D2022,$0.68
IQ,Iraq,NEAR EAST,-86.65%,D2023,$1.07
PM,St. Pierre and Miquelon,CARIBBEAN,MISSSING DATA,D2019,NO PACKAGES
PM,St. Pierre and Miquelon,CARIBBEAN,MISSSING DATA,D2020,NO PACKAGES
PM,St. Pierre and Miquelon,CARIBBEAN,MISSSING DATA,D2021,NO PACKAGES
PM,St. Pierre and Miquelon,CARIBBEAN,MISSSING DATA,D2022,$3.00
PM,St. Pierre and Miquelon,CARIBBEAN,MISSSING DATA,D2023,$1.07
SV,El Salvador,CENTRAL AMERICA,-76.27%,D2019,$4.55
SV,El Salvador,CENTRAL AMERICA,-76.27%,D2020,$1.45
SV,El Salvador,CENTRAL AMERICA,-76.27%,D2021,$1.33
SV,El Salvador,CENTRAL AMERICA,-76.27%,D2022,$1.27
SV,El Salvador,CENTRAL AMERICA,-76.27%,D2023,$1.08
IS,Iceland,WESTERN EUROPE,-71.40%,D2019,$3.78
IS,Iceland,WESTERN EUROPE,-71.40%,D2020,$1.46
IS,Iceland,WESTERN EUROPE,-71.40%,D2021,$1.23
IS,Iceland,WESTERN EUROPE,-71.40%,D2022,$1.01
IS,Iceland,WESTERN EUROPE,-71.40%,D2023,$1.08
PS,"Palestine, State of",NEAR EAST,-83.50%,D2019,$6.56
PS,"Palestine, State of",NEAR EAST,-83.50%,D2020,$3.26
PS,"Palestine, State of",NEAR EAST,-83.50%,D2021,$1.71
PS,"Palestine, State of",NEAR EAST,-83.50%,D2022,$2.33
PS,"Palestine, State of",NEAR EAST,-83.50%,D2023,$1.08
BI,Burundi,SUB-SAHARAN AFRICA,-94.13%,D2019,$18.79
BI,Burundi,SUB-SAHARAN AFRICA,-94.13%,D2020,$2.12
BI,Burundi,SUB-SAHARAN AFRICA,-94.13%,D2021,$2.10
BI,Burundi,SUB-SAHARAN AFRICA,-94.13%,D2022,$1.86
BI,Burundi,SUB-SAHARAN AFRICA,-94.13%,D2023,$1.10
UG,Uganda,SUB-SAHARAN AFRICA,-77.96%,D2019,$5.02
UG,Uganda,SUB-SAHARAN AFRICA,-77.96%,D2020,$1.62
UG,Uganda,SUB-SAHARAN AFRICA,-77.96%,D2021,$1.56
UG,Uganda,SUB-SAHARAN AFRICA,-77.96%,D2022,$1.32
UG,Uganda,SUB-SAHARAN AFRICA,-77.96%,D2023,$1.11
AR,Argentina,SOUTH AMERICA,-85.03%,D2019,$7.40
AR,Argentina,SOUTH AMERICA,-85.03%,D2020,$1.45
AR,Argentina,SOUTH AMERICA,-85.03%,D2021,$2.38
AR,Argentina,SOUTH AMERICA,-85.03%,D2022,$1.48
AR,Argentina,SOUTH AMERICA,-85.03%,D2023,$1.11
DM,Dominica,CARIBBEAN,-92.40%,D2019,$14.60
DM,Dominica,CARIBBEAN,-92.40%,D2020,$4.92
DM,Dominica,CARIBBEAN,-92.40%,D2021,$1.76
DM,Dominica,CARIBBEAN,-92.40%,D2022,$1.14
DM,Dominica,CARIBBEAN,-92.40%,D2023,$1.11
MG,Madagascar,SUB-SAHARAN AFRICA,-84.52%,D2019,$7.24
MG,Madagascar,SUB-SAHARAN AFRICA,-84.52%,D2020,$8.81
MG,Madagascar,SUB-SAHARAN AFRICA,-84.52%,D2021,$5.14
MG,Madagascar,SUB-SAHARAN AFRICA,-84.52%,D2022,$1.52
MG,Madagascar,SUB-SAHARAN AFRICA,-84.52%,D2023,$1.12
EE,Estonia,BALTICS,-68.69%,D2019,$3.67
EE,Estonia,BALTICS,-68.69%,D2020,$1.27
EE,Estonia,BALTICS,-68.69%,D2021,$1.39
EE,Estonia,BALTICS,-68.69%,D2022,$1.20
EE,Estonia,BALTICS,-68.69%,D2023,$1.15
SD,Sudan,SUB-SAHARAN AFRICA,71.63%,D2019,$0.68
SD,Sudan,SUB-SAHARAN AFRICA,71.63%,D2020,$0.63
SD,Sudan,SUB-SAHARAN AFRICA,71.63%,D2021,$0.27
SD,Sudan,SUB-SAHARAN AFRICA,71.63%,D2022,$0.75
SD,Sudan,SUB-SAHARAN AFRICA,71.63%,D2023,$1.16
GT,Guatemala,CENTRAL AMERICA,-75.76%,D2019,$4.84
GT,Guatemala,CENTRAL AMERICA,-75.76%,D2020,$2.17
GT,Guatemala,CENTRAL AMERICA,-75.76%,D2021,$1.94
GT,Guatemala,CENTRAL AMERICA,-75.76%,D2022,$1.28
GT,Guatemala,CENTRAL AMERICA,-75.76%,D2023,$1.17
CI,Côte d'Ivoire,SUB-SAHARAN AFRICA,-80.87%,D2019,$6.18
CI,Côte d'Ivoire,SUB-SAHARAN AFRICA,-80.87%,D2020,$3.20
CI,Côte d'Ivoire,SUB-SAHARAN AFRICA,-80.87%,D2021,$2.58
CI,Côte d'Ivoire,SUB-SAHARAN AFRICA,-80.87%,D2022,$4.04
CI,Côte d'Ivoire,SUB-SAHARAN AFRICA,-80.87%,D2023,$1.18
HR,Croatia,EASTERN EUROPE,-70.29%,D2019,$4.00
HR,Croatia,EASTERN EUROPE,-70.29%,D2020,$2.48
HR,Croatia,EASTERN EUROPE,-70.29%,D2021,$2.35
HR,Croatia,EASTERN EUROPE,-70.29%,D2022,$1.84
HR,Croatia,EASTERN EUROPE,-70.29%,D2023,$1.19
LI,Liechtenstein,WESTERN EUROPE,-85.10%,D2019,$7.99
LI,Liechtenstein,WESTERN EUROPE,-85.10%,D2020,$4.01
LI,Liechtenstein,WESTERN EUROPE,-85.10%,D2021,$3.10
LI,Liechtenstein,WESTERN EUROPE,-85.10%,D2022,$5.18
LI,Liechtenstein,WESTERN EUROPE,-85.10%,D2023,$1.19
TO,Tonga,OCEANIA,-59.09%,D2019,$2.92
TO,Tonga,OCEANIA,-59.09%,D2020,$3.41
TO,Tonga,OCEANIA,-59.09%,D2021,$1.28
TO,Tonga,OCEANIA,-59.09%,D2022,$1.19
TO,Tonga,OCEANIA,-59.09%,D2023,$1.19
NA,Namibia,SUB-SAHARAN AFRICA,-89.14%,D2019,$11.02
NA,Namibia,SUB-SAHARAN AFRICA,-89.14%,D2020,$4.78
NA,Namibia,SUB-SAHARAN AFRICA,-89.14%,D2021,$22.37
NA,Namibia,SUB-SAHARAN AFRICA,-89.14%,D2022,$2.00
NA,Namibia,SUB-SAHARAN AFRICA,-89.14%,D2023,$1.20
XK,Kosovo,EASTERN EUROPE,MISSSING DATA,D2019,NO PACKAGES
XK,Kosovo,EASTERN EUROPE,MISSSING DATA,D2020,NO PACKAGES
XK,Kosovo,EASTERN EUROPE,MISSSING DATA,D2021,NO PACKAGES
XK,Kosovo,EASTERN EUROPE,MISSSING DATA,D2022,$1.20
XK,Kosovo,EASTERN EUROPE,MISSSING DATA,D2023,$1.25
SZ,Eswatini,SUB-SAHARAN AFRICA,-76.05%,D2019,$5.25
SZ,Eswatini,SUB-SAHARAN AFRICA,-76.05%,D2020,$13.31
SZ,Eswatini,SUB-SAHARAN AFRICA,-76.05%,D2021,$2.24
SZ,Eswatini,SUB-SAHARAN AFRICA,-76.05%,D2022,$0.84
SZ,Eswatini,SUB-SAHARAN AFRICA,-76.05%,D2023,$1.26
LT,Lithuania,BALTICS,-38.80%,D2019,$2.06
LT,Lithuania,BALTICS,-38.80%,D2020,$1.85
LT,Lithuania,BALTICS,-38.80%,D2021,$1.38
LT,Lithuania,BALTICS,-38.80%,D2022,$1.17
LT,Lithuania,BALTICS,-38.80%,D2023,$1.26
DJ,Djibouti,SUB-SAHARAN AFRICA,-96.67%,D2019,$37.92
DJ,Djibouti,SUB-SAHARAN AFRICA,-96.67%,D2020,$1.12
DJ,Djibouti,SUB-SAHARAN AFRICA,-96.67%,D2021,$1.12
DJ,Djibouti,SUB-SAHARAN AFRICA,-96.67%,D2022,$1.12
DJ,Djibouti,SUB-SAHARAN AFRICA,-96.67%,D2023,$1.26
TN,Tunisia,NORTHERN AFRICA,-65.21%,D2019,$3.67
TN,Tunisia,NORTHERN AFRICA,-65.21%,D2020,$1.37
TN,Tunisia,NORTHERN AFRICA,-65.21%,D2021,$1.09
TN,Tunisia,NORTHERN AFRICA,-65.21%,D2022,$1.21
TN,Tunisia,NORTHERN AFRICA,-65.21%,D2023,$1.28
JE,Jersey,WESTERN EUROPE,-65.59%,D2019,$3.82
JE,Jersey,WESTERN EUROPE,-65.59%,D2020,$1.71
JE,Jersey,WESTERN EUROPE,-65.59%,D2021,$1.32
JE,Jersey,WESTERN EUROPE,-65.59%,D2022,$1.18
JE,Jersey,WESTERN EUROPE,-65.59%,D2023,$1.31
BH,Bahrain,NEAR EAST,-34.40%,D2019,$2.00
BH,Bahrain,NEAR EAST,-34.40%,D2020,$2.27
BH,Bahrain,NEAR EAST,-34.40%,D2021,$2.12
BH,Bahrain,NEAR EAST,-34.40%,D2022,$1.17
BH,Bahrain,NEAR EAST,-34.40%,D2023,$1.31
MR,Mauritania,NORTHERN AFRICA,-86.14%,D2019,$9.49
MR,Mauritania,NORTHERN AFRICA,-86.14%,D2020,$4.63
MR,Mauritania,NORTHERN AFRICA,-86.14%,D2021,$5.56
MR,Mauritania,NORTHERN AFRICA,-86.14%,D2022,$3.00
MR,Mauritania,NORTHERN AFRICA,-86.14%,D2023,$1.32
PG,Papua New Guinea,OCEANIA,-88.76%,D2019,$12.14
PG,Papua New Guinea,OCEANIA,-88.76%,D2020,$5.40
PG,Papua New Guinea,OCEANIA,-88.76%,D2021,$2.26
PG,Papua New Guinea,OCEANIA,-88.76%,D2022,$2.89
PG,Papua New Guinea,OCEANIA,-88.76%,D2023,$1.36
MO,Macau,ASIA (EX. NEAR EAST),-91.60%,D2019,$17.10
MO,Macau,ASIA (EX. NEAR EAST),-91.60%,D2020,$2.89
MO,Macau,ASIA (EX. NEAR EAST),-91.60%,D2021,$1.93
MO,Macau,ASIA (EX. NEAR EAST),-91.60%,D2022,$1.13
MO,Macau,ASIA (EX. NEAR EAST),-91.60%,D2023,$1.44
IM,Isle of Man,WESTERN EUROPE,-56.65%,D2019,$3.33
IM,Isle of Man,WESTERN EUROPE,-56.65%,D2020,$1.66
IM,Isle of Man,WESTERN EUROPE,-56.65%,D2021,$1.80
IM,Isle of Man,WESTERN EUROPE,-56.65%,D2022,$2.04
IM,Isle of Man,WESTERN EUROPE,-56.65%,D2023,$1.44
TG,Togo,SUB-SAHARAN AFRICA,-90.42%,D2019,$15.12
TG,Togo,SUB-SAHARAN AFRICA,-90.42%,D2020,$4.50
TG,Togo,SUB-SAHARAN AFRICA,-90.42%,D2021,$4.69
TG,Togo,SUB-SAHARAN AFRICA,-90.42%,D2022,$2.17
TG,Togo,SUB-SAHARAN AFRICA,-90.42%,D2023,$1.45
SA,Saudi Arabia,NEAR EAST,-73.42%,D2019,$5.62
SA,Saudi Arabia,NEAR EAST,-73.42%,D2020,$2.12
SA,Saudi Arabia,NEAR EAST,-73.42%,D2021,$1.47
SA,Saudi Arabia,NEAR EAST,-73.42%,D2022,$1.52
SA,Saudi Arabia,NEAR EAST,-73.42%,D2023,$1.49
IE,Ireland,WESTERN EUROPE,-62.07%,D2019,$3.95
IE,Ireland,WESTERN EUROPE,-62.07%,D2020,$1.36
IE,Ireland,WESTERN EUROPE,-62.07%,D2021,$1.42
IE,Ireland,WESTERN EUROPE,-62.07%,D2022,$1.58
IE,Ireland,WESTERN EUROPE,-62.07%,D2023,$1.50
IR,Iran,ASIA (EX. NEAR EAST),-20.14%,D2019,$1.88
IR,Iran,ASIA (EX. NEAR EAST),-20.14%,D2020,$0.75
IR,Iran,ASIA (EX. NEAR EAST),-20.14%,D2021,$1.52
IR,Iran,ASIA (EX. NEAR EAST),-20.14%,D2022,$1.31
IR,Iran,ASIA (EX. NEAR EAST),-20.14%,D2023,$1.50
AS,American Samoa,OCEANIA,-22.53%,D2019,$1.94
AS,American Samoa,OCEANIA,-22.53%,D2020,$2.50
AS,American Samoa,OCEANIA,-22.53%,D2021,$2.00
AS,American Samoa,OCEANIA,-22.53%,D2022,$2.69
AS,American Samoa,OCEANIA,-22.53%,D2023,$1.50
GN,Guinea,SUB-SAHARAN AFRICA,-66.58%,D2019,$4.53
GN,Guinea,SUB-SAHARAN AFRICA,-66.58%,D2020,$2.08
GN,Guinea,SUB-SAHARAN AFRICA,-66.58%,D2021,$1.99
GN,Guinea,SUB-SAHARAN AFRICA,-66.58%,D2022,$1.74
GN,Guinea,SUB-SAHARAN AFRICA,-66.58%,D2023,$1.51
KN,Saint Kitts and Nevis,CARIBBEAN,-89.65%,D2019,$14.90
KN,Saint Kitts and Nevis,CARIBBEAN,-89.65%,D2020,$11.07
KN,Saint Kitts and Nevis,CARIBBEAN,-89.65%,D2021,$3.70
KN,Saint Kitts and Nevis,CARIBBEAN,-89.65%,D2022,$1.85
KN,Saint Kitts and Nevis,CARIBBEAN,-89.65%,D2023,$1.54
VU,Vanuatu,OCEANIA,MISSSING DATA,D2019,NO PACKAGES
VU,Vanuatu,OCEANIA,MISSSING DATA,D2020,$4.25
VU,Vanuatu,OCEANIA,MISSSING DATA,D2021,$6.06
VU,Vanuatu,OCEANIA,MISSSING DATA,D2022,$1.70
VU,Vanuatu,OCEANIA,MISSSING DATA,D2023,$1.54
AL,Albania,EASTERN EUROPE,-70.58%,D2019,$5.28
AL,Albania,EASTERN EUROPE,-70.58%,D2020,$2.83
AL,Albania,EASTERN EUROPE,-70.58%,D2021,$2.80
AL,Albania,EASTERN EUROPE,-70.58%,D2022,$2.97
AL,Albania,EASTERN EUROPE,-70.58%,D2023,$1.55
LC,Saint Lucia,CARIBBEAN,-67.43%,D2019,$4.84
LC,Saint Lucia,CARIBBEAN,-67.43%,D2020,$3.27
LC,Saint Lucia,CARIBBEAN,-67.43%,D2021,$2.62
LC,Saint Lucia,CARIBBEAN,-67.43%,D2022,$2.98
LC,Saint Lucia,CARIBBEAN,-67.43%,D2023,$1.58
MF,Saint-Martin (France),CARIBBEAN,-81.34%,D2019,$8.46
MF,Saint-Martin (France),CARIBBEAN,-81.34%,D2020,$3.32
MF,Saint-Martin (France),CARIBBEAN,-81.34%,D2021,$3.46
MF,Saint-Martin (France),CARIBBEAN,-81.34%,D2022,$2.74
MF,Saint-Martin (France),CARIBBEAN,-81.34%,D2023,$1.58
GQ,Equatorial Guinea,SUB-SAHARAN AFRICA,-96.65%,D2019,$47.39
GQ,Equatorial Guinea,SUB-SAHARAN AFRICA,-96.65%,D2020,$12.78
GQ,Equatorial Guinea,SUB-SAHARAN AFRICA,-96.65%,D2021,$49.67
GQ,Equatorial Guinea,SUB-SAHARAN AFRICA,-96.65%,D2022,$38.45
GQ,Equatorial Guinea,SUB-SAHARAN AFRICA,-96.65%,D2023,$1.59
NL,The Netherlands,WESTERN EUROPE,-65.20%,D2019,$4.62
NL,The Netherlands,WESTERN EUROPE,-65.20%,D2020,$2.98
NL,The Netherlands,WESTERN EUROPE,-65.20%,D2021,$3.11
NL,The Netherlands,WESTERN EUROPE,-65.20%,D2022,$1.90
NL,The Netherlands,WESTERN EUROPE,-65.20%,D2023,$1.61
PA,Panama,CENTRAL AMERICA,-65.22%,D2019,$4.69
PA,Panama,CENTRAL AMERICA,-65.22%,D2020,$6.69
PA,Panama,CENTRAL AMERICA,-65.22%,D2021,$4.49
PA,Panama,CENTRAL AMERICA,-65.22%,D2022,$3.36
PA,Panama,CENTRAL AMERICA,-65.22%,D2023,$1.63
CM,Cameroon,SUB-SAHARAN AFRICA,-4.60%,D2019,$1.71
CM,Cameroon,SUB-SAHARAN AFRICA,-4.60%,D2020,$2.75
CM,Cameroon,SUB-SAHARAN AFRICA,-4.60%,D2021,$0.90
CM,Cameroon,SUB-SAHARAN AFRICA,-4.60%,D2022,$1.53
CM,Cameroon,SUB-SAHARAN AFRICA,-4.60%,D2023,$1.63
SN,Senegal,SUB-SAHARAN AFRICA,-50.20%,D2019,$3.28
SN,Senegal,SUB-SAHARAN AFRICA,-50.20%,D2020,$3.30
SN,Senegal,SUB-SAHARAN AFRICA,-50.20%,D2021,$0.94
SN,Senegal,SUB-SAHARAN AFRICA,-50.20%,D2022,$1.53
SN,Senegal,SUB-SAHARAN AFRICA,-50.20%,D2023,$1.63
NE,Niger,SUB-SAHARAN AFRICA,-93.59%,D2019,$25.52
NE,Niger,SUB-SAHARAN AFRICA,-93.59%,D2020,$3.30
NE,Niger,SUB-SAHARAN AFRICA,-93.59%,D2021,$1.28
NE,Niger,SUB-SAHARAN AFRICA,-93.59%,D2022,$1.85
NE,Niger,SUB-SAHARAN AFRICA,-93.59%,D2023,$1.63
TJ,Tajikistan,CIS (FORMER USSR),-59.72%,D2019,$4.10
TJ,Tajikistan,CIS (FORMER USSR),-59.72%,D2020,$4.65
TJ,Tajikistan,CIS (FORMER USSR),-59.72%,D2021,$2.60
TJ,Tajikistan,CIS (FORMER USSR),-59.72%,D2022,$1.94
TJ,Tajikistan,CIS (FORMER USSR),-59.72%,D2023,$1.65
GG,Guernsey,WESTERN EUROPE,-44.54%,D2019,$3.05
GG,Guernsey,WESTERN EUROPE,-44.54%,D2020,$1.24
GG,Guernsey,WESTERN EUROPE,-44.54%,D2021,$1.46
GG,Guernsey,WESTERN EUROPE,-44.54%,D2022,$1.43
GG,Guernsey,WESTERN EUROPE,-44.54%,D2023,$1.69
LU,Luxembourg,WESTERN EUROPE,-87.79%,D2019,$13.95
LU,Luxembourg,WESTERN EUROPE,-87.79%,D2020,$3.89
LU,Luxembourg,WESTERN EUROPE,-87.79%,D2021,$3.00
LU,Luxembourg,WESTERN EUROPE,-87.79%,D2022,$2.23
LU,Luxembourg,WESTERN EUROPE,-87.79%,D2023,$1.70
HU,Hungary,EASTERN EUROPE,-41.04%,D2019,$2.91
HU,Hungary,EASTERN EUROPE,-41.04%,D2020,$5.32
HU,Hungary,EASTERN EUROPE,-41.04%,D2021,$1.70
HU,Hungary,EASTERN EUROPE,-41.04%,D2022,$1.27
HU,Hungary,EASTERN EUROPE,-41.04%,D2023,$1.71
AZ,Azerbaijan,CIS (FORMER USSR),-72.52%,D2019,$6.42
AZ,Azerbaijan,CIS (FORMER USSR),-72.52%,D2020,$1.86
AZ,Azerbaijan,CIS (FORMER USSR),-72.52%,D2021,$1.82
AZ,Azerbaijan,CIS (FORMER USSR),-72.52%,D2022,$1.76
AZ,Azerbaijan,CIS (FORMER USSR),-72.52%,D2023,$1.76
PT,Portugal,WESTERN EUROPE,-87.23%,D2019,$13.98
PT,Portugal,WESTERN EUROPE,-87.23%,D2020,$4.97
PT,Portugal,WESTERN EUROPE,-87.23%,D2021,$3.85
PT,Portugal,WESTERN EUROPE,-87.23%,D2022,$4.56
PT,Portugal,WESTERN EUROPE,-87.23%,D2023,$1.79
ZA,South Africa,SUB-SAHARAN AFRICA,-76.73%,D2019,$7.77
ZA,South Africa,SUB-SAHARAN AFRICA,-76.73%,D2020,$4.30
ZA,South Africa,SUB-SAHARAN AFRICA,-76.73%,D2021,$2.67
ZA,South Africa,SUB-SAHARAN AFRICA,-76.73%,D2022,$2.30
ZA,South Africa,SUB-SAHARAN AFRICA,-76.73%,D2023,$1.81
GD,Grenada,CARIBBEAN,-84.93%,D2019,$12.00
GD,Grenada,CARIBBEAN,-84.93%,D2020,$5.37
GD,Grenada,CARIBBEAN,-84.93%,D2021,$2.44
GD,Grenada,CARIBBEAN,-84.93%,D2022,$2.59
GD,Grenada,CARIBBEAN,-84.93%,D2023,$1.81
AW,Aruba,CARIBBEAN,-66.62%,D2019,$5.56
AW,Aruba,CARIBBEAN,-66.62%,D2020,$9.11
AW,Aruba,CARIBBEAN,-66.62%,D2021,$4.44
AW,Aruba,CARIBBEAN,-66.62%,D2022,$6.64
AW,Aruba,CARIBBEAN,-66.62%,D2023,$1.85
CR,Costa Rica,CENTRAL AMERICA,-61.93%,D2019,$4.89
CR,Costa Rica,CENTRAL AMERICA,-61.93%,D2020,$2.74
CR,Costa Rica,CENTRAL AMERICA,-61.93%,D2021,$2.36
CR,Costa Rica,CENTRAL AMERICA,-61.93%,D2022,$2.33
CR,Costa Rica,CENTRAL AMERICA,-61.93%,D2023,$1.86
BO,Bolivia,SOUTH AMERICA,-68.87%,D2019,$5.99
BO,Bolivia,SOUTH AMERICA,-68.87%,D2020,$5.09
BO,Bolivia,SOUTH AMERICA,-68.87%,D2021,$2.18
BO,Bolivia,SOUTH AMERICA,-68.87%,D2022,$2.60
BO,Bolivia,SOUTH AMERICA,-68.87%,D2023,$1.87
AI,Anguilla,CARIBBEAN,-86.65%,D2019,$14.12
AI,Anguilla,CARIBBEAN,-86.65%,D2020,$5.92
AI,Anguilla,CARIBBEAN,-86.65%,D2021,$3.85
AI,Anguilla,CARIBBEAN,-86.65%,D2022,$4.47
AI,Anguilla,CARIBBEAN,-86.65%,D2023,$1.88
BN,Brunei Darussalam,ASIA (EX. NEAR EAST),-77.74%,D2019,$8.51
BN,Brunei Darussalam,ASIA (EX. NEAR EAST),-77.74%,D2020,$2.64
BN,Brunei Darussalam,ASIA (EX. NEAR EAST),-77.74%,D2021,$2.23
BN,Brunei Darussalam,ASIA (EX. NEAR EAST),-77.74%,D2022,$1.70
BN,Brunei Darussalam,ASIA (EX. NEAR EAST),-77.74%,D2023,$1.89
GE,Georgia,CIS (FORMER USSR),-66.10%,D2019,$5.63
GE,Georgia,CIS (FORMER USSR),-66.10%,D2020,$0.93
GE,Georgia,CIS (FORMER USSR),-66.10%,D2021,$1.80
GE,Georgia,CIS (FORMER USSR),-66.10%,D2022,$1.03
GE,Georgia,CIS (FORMER USSR),-66.10%,D2023,$1.91
LB,Lebanon,NEAR EAST,-67.23%,D2019,$5.84
LB,Lebanon,NEAR EAST,-67.23%,D2020,$3.82
LB,Lebanon,NEAR EAST,-67.23%,D2021,$4.81
LB,Lebanon,NEAR EAST,-67.23%,D2022,$3.67
LB,Lebanon,NEAR EAST,-67.23%,D2023,$1.91
TL,Timor-Leste,ASIA (EX. NEAR EAST),-57.10%,D2019,$4.48
TL,Timor-Leste,ASIA (EX. NEAR EAST),-57.10%,D2020,$2.08
TL,Timor-Leste,ASIA (EX. NEAR EAST),-57.10%,D2021,$1.67
TL,Timor-Leste,ASIA (EX. NEAR EAST),-57.10%,D2022,$2.33
TL,Timor-Leste,ASIA (EX. NEAR EAST),-57.10%,D2023,$1.92
OM,Oman,NEAR EAST,-82.73%,D2019,$11.28
OM,Oman,NEAR EAST,-82.73%,D2020,$4.58
OM,Oman,NEAR EAST,-82.73%,D2021,$2.12
OM,Oman,NEAR EAST,-82.73%,D2022,$3.19
OM,Oman,NEAR EAST,-82.73%,D2023,$1.95
LS,Lesotho,SUB-SAHARAN AFRICA,-72.81%,D2019,$7.19
LS,Lesotho,SUB-SAHARAN AFRICA,-72.81%,D2020,$2.13
LS,Lesotho,SUB-SAHARAN AFRICA,-72.81%,D2021,$2.66
LS,Lesotho,SUB-SAHARAN AFRICA,-72.81%,D2022,$2.42
LS,Lesotho,SUB-SAHARAN AFRICA,-72.81%,D2023,$1.96
BW,Botswana,SUB-SAHARAN AFRICA,-88.15%,D2019,$16.79
BW,Botswana,SUB-SAHARAN AFRICA,-88.15%,D2020,$13.87
BW,Botswana,SUB-SAHARAN AFRICA,-88.15%,D2021,$3.92
BW,Botswana,SUB-SAHARAN AFRICA,-88.15%,D2022,$2.22
BW,Botswana,SUB-SAHARAN AFRICA,-88.15%,D2023,$1.99
MX,Mexico,CENTRAL AMERICA,-86.48%,D2019,$15.05
MX,Mexico,CENTRAL AMERICA,-86.48%,D2020,$4.77
MX,Mexico,CENTRAL AMERICA,-86.48%,D2021,$3.62
MX,Mexico,CENTRAL AMERICA,-86.48%,D2022,$3.10
MX,Mexico,CENTRAL AMERICA,-86.48%,D2023,$2.03
DE,Germany,WESTERN EUROPE,-69.24%,D2019,$6.96
DE,Germany,WESTERN EUROPE,-69.24%,D2020,$4.06
DE,Germany,WESTERN EUROPE,-69.24%,D2021,$3.38
DE,Germany,WESTERN EUROPE,-69.24%,D2022,$2.96
DE,Germany,WESTERN EUROPE,-69.24%,D2023,$2.14
MV,Maldives,ASIA (EX. NEAR EAST),-62.76%,D2019,$5.79
MV,Maldives,ASIA (EX. NEAR EAST),-62.76%,D2020,$3.88
MV,Maldives,ASIA (EX. NEAR EAST),-62.76%,D2021,$3.24
MV,Maldives,ASIA (EX. NEAR EAST),-62.76%,D2022,$2.63
MV,Maldives,ASIA (EX. NEAR EAST),-62.76%,D2023,$2.16
KM,Comoros,SUB-SAHARAN AFRICA,-58.69%,D2019,$5.27
KM,Comoros,SUB-SAHARAN AFRICA,-58.69%,D2020,$4.38
KM,Comoros,SUB-SAHARAN AFRICA,-58.69%,D2021,$3.21
KM,Comoros,SUB-SAHARAN AFRICA,-58.69%,D2022,$1.08
KM,Comoros,SUB-SAHARAN AFRICA,-58.69%,D2023,$2.18
BE,Belgium,WESTERN EUROPE,-28.56%,D2019,$3.12
BE,Belgium,WESTERN EUROPE,-28.56%,D2020,$4.88
BE,Belgium,WESTERN EUROPE,-28.56%,D2021,$5.28
BE,Belgium,WESTERN EUROPE,-28.56%,D2022,$3.83
BE,Belgium,WESTERN EUROPE,-28.56%,D2023,$2.23
FO,Faroe Islands,WESTERN EUROPE,-77.14%,D2019,$9.78
FO,Faroe Islands,WESTERN EUROPE,-77.14%,D2020,$2.41
FO,Faroe Islands,WESTERN EUROPE,-77.14%,D2021,$2.64
FO,Faroe Islands,WESTERN EUROPE,-77.14%,D2022,$1.96
FO,Faroe Islands,WESTERN EUROPE,-77.14%,D2023,$2.24
PW,Palau,OCEANIA,-73.02%,D2019,$8.34
PW,Palau,OCEANIA,-73.02%,D2020,$2.50
PW,Palau,OCEANIA,-73.02%,D2021,$1.67
PW,Palau,OCEANIA,-73.02%,D2022,$1.67
PW,Palau,OCEANIA,-73.02%,D2023,$2.25
MS,Montserrat,CARIBBEAN,-54.02%,D2019,$4.92
MS,Montserrat,CARIBBEAN,-54.02%,D2020,$8.33
MS,Montserrat,CARIBBEAN,-54.02%,D2021,$4.01
MS,Montserrat,CARIBBEAN,-54.02%,D2022,$2.76
MS,Montserrat,CARIBBEAN,-54.02%,D2023,$2.26
SE,Sweden,WESTERN EUROPE,-36.15%,D2019,$3.66
SE,Sweden,WESTERN EUROPE,-36.15%,D2020,$2.07
SE,Sweden,WESTERN EUROPE,-36.15%,D2021,$1.45
SE,Sweden,WESTERN EUROPE,-36.15%,D2022,$1.88
SE,Sweden,WESTERN EUROPE,-36.15%,D2023,$2.33
MT,Malta,WESTERN EUROPE,-82.01%,D2019,$13.10
MT,Malta,WESTERN EUROPE,-82.01%,D2020,$3.62
MT,Malta,WESTERN EUROPE,-82.01%,D2021,$2.01
MT,Malta,WESTERN EUROPE,-82.01%,D2022,$3.36
MT,Malta,WESTERN EUROPE,-82.01%,D2023,$2.36
GY,Guyana,SOUTH AMERICA,-80.82%,D2019,$12.30
GY,Guyana,SOUTH AMERICA,-80.82%,D2020,$5.46
GY,Guyana,SOUTH AMERICA,-80.82%,D2021,$5.25
GY,Guyana,SOUTH AMERICA,-80.82%,D2022,$5.46
GY,Guyana,SOUTH AMERICA,-80.82%,D2023,$2.36
BJ,Benin,SUB-SAHARAN AFRICA,-88.72%,D2019,$20.99
BJ,Benin,SUB-SAHARAN AFRICA,-88.72%,D2020,$27.22
BJ,Benin,SUB-SAHARAN AFRICA,-88.72%,D2021,$3.61
BJ,Benin,SUB-SAHARAN AFRICA,-88.72%,D2022,$2.61
BJ,Benin,SUB-SAHARAN AFRICA,-88.72%,D2023,$2.37
QA,Qatar,NEAR EAST,-80.88%,D2019,$12.57
QA,Qatar,NEAR EAST,-80.88%,D2020,$4.12
QA,Qatar,NEAR EAST,-80.88%,D2021,$3.20
QA,Qatar,NEAR EAST,-80.88%,D2022,$12.66
QA,Qatar,NEAR EAST,-80.88%,D2023,$2.40
ST,São Tomé and Príncipe,SUB-SAHARAN AFRICA,-92.40%,D2019,$31.68
ST,São Tomé and Príncipe,SUB-SAHARAN AFRICA,-92.40%,D2020,$28.26
ST,São Tomé and Príncipe,SUB-SAHARAN AFRICA,-92.40%,D2021,$30.97
ST,São Tomé and Príncipe,SUB-SAHARAN AFRICA,-92.40%,D2022,$28.54
ST,São Tomé and Príncipe,SUB-SAHARAN AFRICA,-92.40%,D2023,$2.41
CY,Cyprus,NEAR EAST,-88.10%,D2019,$20.25
CY,Cyprus,NEAR EAST,-88.10%,D2020,$13.56
CY,Cyprus,NEAR EAST,-88.10%,D2021,$8.84
CY,Cyprus,NEAR EAST,-88.10%,D2022,$6.74
CY,Cyprus,NEAR EAST,-88.10%,D2023,$2.41
LR,Liberia,SUB-SAHARAN AFRICA,-33.39%,D2019,$3.75
LR,Liberia,SUB-SAHARAN AFRICA,-33.39%,D2020,$3.25
LR,Liberia,SUB-SAHARAN AFRICA,-33.39%,D2021,$2.59
LR,Liberia,SUB-SAHARAN AFRICA,-33.39%,D2022,$2.92
LR,Liberia,SUB-SAHARAN AFRICA,-33.39%,D2023,$2.50
GU,Guam,OCEANIA,-41.36%,D2019,$4.26
GU,Guam,OCEANIA,-41.36%,D2020,$2.00
GU,Guam,OCEANIA,-41.36%,D2021,$2.14
GU,Guam,OCEANIA,-41.36%,D2022,$2.27
GU,Guam,OCEANIA,-41.36%,D2023,$2.50
PR,Puerto Rico,CARIBBEAN,-82.32%,D2019,$14.61
PR,Puerto Rico,CARIBBEAN,-82.32%,D2020,$9.17
PR,Puerto Rico,CARIBBEAN,-82.32%,D2021,$4.00
PR,Puerto Rico,CARIBBEAN,-82.32%,D2022,$1.93
PR,Puerto Rico,CARIBBEAN,-82.32%,D2023,$2.58
CK,Cook Islands,OCEANIA,-52.83%,D2019,$5.56
CK,Cook Islands,OCEANIA,-52.83%,D2020,NO PACKAGES
CK,Cook Islands,OCEANIA,-52.83%,D2021,$3.50
CK,Cook Islands,OCEANIA,-52.83%,D2022,$3.00
CK,Cook Islands,OCEANIA,-52.83%,D2023,$2.62
MP,Northern Mariana Islands,OCEANIA,-79.44%,D2019,$12.97
MP,Northern Mariana Islands,OCEANIA,-79.44%,D2020,$2.65
MP,Northern Mariana Islands,OCEANIA,-79.44%,D2021,$2.15
MP,Northern Mariana Islands,OCEANIA,-79.44%,D2022,$2.71
MP,Northern Mariana Islands,OCEANIA,-79.44%,D2023,$2.67
SK,Slovakia,EASTERN EUROPE,-63.68%,D2019,$7.38
SK,Slovakia,EASTERN EUROPE,-63.68%,D2020,$3.84
SK,Slovakia,EASTERN EUROPE,-63.68%,D2021,$3.55
SK,Slovakia,EASTERN EUROPE,-63.68%,D2022,$2.82
SK,Slovakia,EASTERN EUROPE,-63.68%,D2023,$2.68
CW,Curaçao,CARIBBEAN,-84.16%,D2019,$16.91
CW,Curaçao,CARIBBEAN,-84.16%,D2020,$11.06
CW,Curaçao,CARIBBEAN,-84.16%,D2021,$6.47
CW,Curaçao,CARIBBEAN,-84.16%,D2022,$9.57
CW,Curaçao,CARIBBEAN,-84.16%,D2023,$2.68
BQ,Caribbean Netherlands,CARIBBEAN,-71.67%,D2019,$9.57
BQ,Caribbean Netherlands,CARIBBEAN,-71.67%,D2020,$9.95
BQ,Caribbean Netherlands,CARIBBEAN,-71.67%,D2021,$10.94
BQ,Caribbean Netherlands,CARIBBEAN,-71.67%,D2022,$8.57
BQ,Caribbean Netherlands,CARIBBEAN,-71.67%,D2023,$2.71
CU,Cuba,CARIBBEAN,MISSSING DATA,D2019,NO PACKAGES
CU,Cuba,CARIBBEAN,MISSSING DATA,D2020,$13.33
CU,Cuba,CARIBBEAN,MISSSING DATA,D2021,$7.50
CU,Cuba,CARIBBEAN,MISSSING DATA,D2022,$4.04
CU,Cuba,CARIBBEAN,MISSSING DATA,D2023,$2.71
GW,Guinea-Bissau,SUB-SAHARAN AFRICA,-76.73%,D2019,$11.71
GW,Guinea-Bissau,SUB-SAHARAN AFRICA,-76.73%,D2020,$4.12
GW,Guinea-Bissau,SUB-SAHARAN AFRICA,-76.73%,D2021,$4.41
GW,Guinea-Bissau,SUB-SAHARAN AFRICA,-76.73%,D2022,$1.53
GW,Guinea-Bissau,SUB-SAHARAN AFRICA,-76.73%,D2023,$2.72
BB,Barbados,CARIBBEAN,-82.64%,D2019,$15.82
BB,Barbados,CARIBBEAN,-82.64%,D2020,$9.32
BB,Barbados,CARIBBEAN,-82.64%,D2021,$6.79
BB,Barbados,CARIBBEAN,-82.64%,D2022,$12.55
BB,Barbados,CARIBBEAN,-82.64%,D2023,$2.75
SX,Sint Maarten,CARIBBEAN,-87.19%,D2019,$21.64
SX,Sint Maarten,CARIBBEAN,-87.19%,D2020,$4.66
SX,Sint Maarten,CARIBBEAN,-87.19%,D2021,$4.17
SX,Sint Maarten,CARIBBEAN,-87.19%,D2022,$4.29
SX,Sint Maarten,CARIBBEAN,-87.19%,D2023,$2.77
GR,Greece,WESTERN EUROPE,-43.25%,D2019,$4.91
GR,Greece,WESTERN EUROPE,-43.25%,D2020,$12.06
GR,Greece,WESTERN EUROPE,-43.25%,D2021,$8.16
GR,Greece,WESTERN EUROPE,-43.25%,D2022,$6.72
GR,Greece,WESTERN EUROPE,-43.25%,D2023,$2.79
BZ,Belize,CENTRAL AMERICA,-33.63%,D2019,$4.39
BZ,Belize,CENTRAL AMERICA,-33.63%,D2020,$3.25
BZ,Belize,CENTRAL AMERICA,-33.63%,D2021,$2.97
BZ,Belize,CENTRAL AMERICA,-33.63%,D2022,$3.20
BZ,Belize,CENTRAL AMERICA,-33.63%,D2023,$2.92
CC,Cocos (Keeling) Islands,OCEANIA,MISSSING DATA,D2019,NO PACKAGES
CC,Cocos (Keeling) Islands,OCEANIA,MISSSING DATA,D2020,$16.98
CC,Cocos (Keeling) Islands,OCEANIA,MISSSING DATA,D2021,$13.47
CC,Cocos (Keeling) Islands,OCEANIA,MISSSING DATA,D2022,$4.26
CC,Cocos (Keeling) Islands,OCEANIA,MISSSING DATA,D2023,$3.03
NR,Nauru,OCEANIA,-89.02%,D2019,$28.13
NR,Nauru,OCEANIA,-89.02%,D2020,$30.47
NR,Nauru,OCEANIA,-89.02%,D2021,$7.62
NR,Nauru,OCEANIA,-89.02%,D2022,$6.76
NR,Nauru,OCEANIA,-89.02%,D2023,$3.09
CZ,Czech Republic,EASTERN EUROPE,-90.46%,D2019,$32.71
CZ,Czech Republic,EASTERN EUROPE,-90.46%,D2020,$7.95
CZ,Czech Republic,EASTERN EUROPE,-90.46%,D2021,$8.15
CZ,Czech Republic,EASTERN EUROPE,-90.46%,D2022,$3.95
CZ,Czech Republic,EASTERN EUROPE,-90.46%,D2023,$3.12
NU,Niue,OCEANIA,-65.87%,D2019,$9.20
NU,Niue,OCEANIA,-65.87%,D2020,$4.50
NU,Niue,OCEANIA,-65.87%,D2021,$7.37
NU,Niue,OCEANIA,-65.87%,D2022,$41.06
NU,Niue,OCEANIA,-65.87%,D2023,$3.14
KI,Kiribati,OCEANIA,-71.09%,D2019,$11.05
KI,Kiribati,OCEANIA,-71.09%,D2020,$10.50
KI,Kiribati,OCEANIA,-71.09%,D2021,$9.94
KI,Kiribati,OCEANIA,-71.09%,D2022,$4.30
KI,Kiribati,OCEANIA,-71.09%,D2023,$3.19
AG,Antigua and Barbuda,CARIBBEAN,-74.77%,D2019,$12.70
AG,Antigua and Barbuda,CARIBBEAN,-74.77%,D2020,$7.17
AG,Antigua and Barbuda,CARIBBEAN,-74.77%,D2021,$4.44
AG,Antigua and Barbuda,CARIBBEAN,-74.77%,D2022,$5.25
AG,Antigua and Barbuda,CARIBBEAN,-74.77%,D2023,$3.20
LV,Latvia,BALTICS,-82.29%,D2019,$18.12
LV,Latvia,BALTICS,-82.29%,D2020,$3.79
LV,Latvia,BALTICS,-82.29%,D2021,$3.49
LV,Latvia,BALTICS,-82.29%,D2022,$3.85
LV,Latvia,BALTICS,-82.29%,D2023,$3.21
CV,Cape Verde,SUB-SAHARAN AFRICA,-23.78%,D2019,$4.25
CV,Cape Verde,SUB-SAHARAN AFRICA,-23.78%,D2020,$4.81
CV,Cape Verde,SUB-SAHARAN AFRICA,-23.78%,D2021,$4.78
CV,Cape Verde,SUB-SAHARAN AFRICA,-23.78%,D2022,$5.34
CV,Cape Verde,SUB-SAHARAN AFRICA,-23.78%,D2023,$3.24
BF,Burkina Faso,SUB-SAHARAN AFRICA,-68.13%,D2019,$10.26
BF,Burkina Faso,SUB-SAHARAN AFRICA,-68.13%,D2020,$2.47
BF,Burkina Faso,SUB-SAHARAN AFRICA,-68.13%,D2021,$4.52
BF,Burkina Faso,SUB-SAHARAN AFRICA,-68.13%,D2022,$4.60
BF,Burkina Faso,SUB-SAHARAN AFRICA,-68.13%,D2023,$3.27
BM,Bermuda,NORTHERN AMERICA,-90.95%,D2019,$37.74
BM,Bermuda,NORTHERN AMERICA,-90.95%,D2020,$28.75
BM,Bermuda,NORTHERN AMERICA,-90.95%,D2021,$19.80
BM,Bermuda,NORTHERN AMERICA,-90.95%,D2022,$6.01
BM,Bermuda,NORTHERN AMERICA,-90.95%,D2023,$3.42
JP,Japan,ASIA (EX. NEAR EAST),-66.51%,D2019,$10.40
JP,Japan,ASIA (EX. NEAR EAST),-66.51%,D2020,$3.91
JP,Japan,ASIA (EX. NEAR EAST),-66.51%,D2021,$3.38
JP,Japan,ASIA (EX. NEAR EAST),-66.51%,D2022,$5.00
JP,Japan,ASIA (EX. NEAR EAST),-66.51%,D2023,$3.48
GM,Gambia,SUB-SAHARAN AFRICA,-48.35%,D2019,$6.89
GM,Gambia,SUB-SAHARAN AFRICA,-48.35%,D2020,$5.10
GM,Gambia,SUB-SAHARAN AFRICA,-48.35%,D2021,$5.86
GM,Gambia,SUB-SAHARAN AFRICA,-48.35%,D2022,$5.72
GM,Gambia,SUB-SAHARAN AFRICA,-48.35%,D2023,$3.56
GL,Greenland,NORTHERN AMERICA,-67.77%,D2019,$11.12
GL,Greenland,NORTHERN AMERICA,-67.77%,D2020,$9.56
GL,Greenland,NORTHERN AMERICA,-67.77%,D2021,$3.97
GL,Greenland,NORTHERN AMERICA,-67.77%,D2022,$4.44
GL,Greenland,NORTHERN AMERICA,-67.77%,D2023,$3.58
NC,New Caledonia,OCEANIA,-47.83%,D2019,$7.21
NC,New Caledonia,OCEANIA,-47.83%,D2020,$4.81
NC,New Caledonia,OCEANIA,-47.83%,D2021,$6.49
NC,New Caledonia,OCEANIA,-47.83%,D2022,$6.51
NC,New Caledonia,OCEANIA,-47.83%,D2023,$3.76
NO,Norway,WESTERN EUROPE,-23.63%,D2019,$5.33
NO,Norway,WESTERN EUROPE,-23.63%,D2020,$5.28
NO,Norway,WESTERN EUROPE,-23.63%,D2021,$5.81
NO,Norway,WESTERN EUROPE,-23.63%,D2022,$5.36
NO,Norway,WESTERN EUROPE,-23.63%,D2023,$4.07
GA,Gabon,SUB-SAHARAN AFRICA,20.64%,D2019,$3.39
GA,Gabon,SUB-SAHARAN AFRICA,20.64%,D2020,$4.89
GA,Gabon,SUB-SAHARAN AFRICA,20.64%,D2021,$4.82
GA,Gabon,SUB-SAHARAN AFRICA,20.64%,D2022,$5.00
GA,Gabon,SUB-SAHARAN AFRICA,20.64%,D2023,$4.09
TD,Chad,SUB-SAHARAN AFRICA,-82.48%,D2019,$23.33
TD,Chad,SUB-SAHARAN AFRICA,-82.48%,D2020,$23.33
TD,Chad,SUB-SAHARAN AFRICA,-82.48%,D2021,$23.33
TD,Chad,SUB-SAHARAN AFRICA,-82.48%,D2022,$6.34
TD,Chad,SUB-SAHARAN AFRICA,-82.48%,D2023,$4.09
VI,Virgin Islands (U.S.),CARIBBEAN,-12.94%,D2019,$4.97
VI,Virgin Islands (U.S.),CARIBBEAN,-12.94%,D2020,$4.67
VI,Virgin Islands (U.S.),CARIBBEAN,-12.94%,D2021,$2.00
VI,Virgin Islands (U.S.),CARIBBEAN,-12.94%,D2022,$5.62
VI,Virgin Islands (U.S.),CARIBBEAN,-12.94%,D2023,$4.33
IO,British Indian Ocean Territory,ASIA (EX. NEAR EAST),-52.25%,D2019,$9.31
IO,British Indian Ocean Territory,ASIA (EX. NEAR EAST),-52.25%,D2020,$7.50
IO,British Indian Ocean Territory,ASIA (EX. NEAR EAST),-52.25%,D2021,$7.50
IO,British Indian Ocean Territory,ASIA (EX. NEAR EAST),-52.25%,D2022,$6.15
IO,British Indian Ocean Territory,ASIA (EX. NEAR EAST),-52.25%,D2023,$4.44
ML,Mali,SUB-SAHARAN AFRICA,-63.15%,D2019,$12.37
ML,Mali,SUB-SAHARAN AFRICA,-63.15%,D2020,$4.12
ML,Mali,SUB-SAHARAN AFRICA,-63.15%,D2021,$3.28
ML,Mali,SUB-SAHARAN AFRICA,-63.15%,D2022,$3.01
ML,Mali,SUB-SAHARAN AFRICA,-63.15%,D2023,$4.56
AE,United Arab Emirates,NEAR EAST,-54.95%,D2019,$10.23
AE,United Arab Emirates,NEAR EAST,-54.95%,D2020,$3.78
AE,United Arab Emirates,NEAR EAST,-54.95%,D2021,$7.62
AE,United Arab Emirates,NEAR EAST,-54.95%,D2022,$5.30
AE,United Arab Emirates,NEAR EAST,-54.95%,D2023,$4.61
AD,Andorra,WESTERN EUROPE,-61.68%,D2019,$12.58
AD,Andorra,WESTERN EUROPE,-61.68%,D2020,$9.54
AD,Andorra,WESTERN EUROPE,-61.68%,D2021,$7.49
AD,Andorra,WESTERN EUROPE,-61.68%,D2022,$8.93
AD,Andorra,WESTERN EUROPE,-61.68%,D2023,$4.82
BS,Bahamas,CARIBBEAN,0.97%,D2019,$4.94
BS,Bahamas,CARIBBEAN,0.97%,D2020,$6.02
BS,Bahamas,CARIBBEAN,0.97%,D2021,$5.98
BS,Bahamas,CARIBBEAN,0.97%,D2022,$6.87
BS,Bahamas,CARIBBEAN,0.97%,D2023,$4.99
KR,South Korea,ASIA (EX. NEAR EAST),-45.58%,D2019,$9.21
KR,South Korea,ASIA (EX. NEAR EAST),-45.58%,D2020,$10.94
KR,South Korea,ASIA (EX. NEAR EAST),-45.58%,D2021,$4.72
KR,South Korea,ASIA (EX. NEAR EAST),-45.58%,D2022,$2.05
KR,South Korea,ASIA (EX. NEAR EAST),-45.58%,D2023,$5.01
VG,Virgin Islands (British),CARIBBEAN,-71.74%,D2019,$18.55
VG,Virgin Islands (British),CARIBBEAN,-71.74%,D2020,$12.50
VG,Virgin Islands (British),CARIBBEAN,-71.74%,D2021,$9.54
VG,Virgin Islands (British),CARIBBEAN,-71.74%,D2022,$12.94
VG,Virgin Islands (British),CARIBBEAN,-71.74%,D2023,$5.24
CA,Canada,NORTHERN AMERICA,-59.38%,D2019,$13.21
CA,Canada,NORTHERN AMERICA,-59.38%,D2020,$12.55
CA,Canada,NORTHERN AMERICA,-59.38%,D2021,$5.72
CA,Canada,NORTHERN AMERICA,-59.38%,D2022,$7.37
CA,Canada,NORTHERN AMERICA,-59.38%,D2023,$5.37
SC,Seychelles,SUB-SAHARAN AFRICA,-72.20%,D2019,$19.55
SC,Seychelles,SUB-SAHARAN AFRICA,-72.20%,D2020,$11.43
SC,Seychelles,SUB-SAHARAN AFRICA,-72.20%,D2021,$8.64
SC,Seychelles,SUB-SAHARAN AFRICA,-72.20%,D2022,$2.16
SC,Seychelles,SUB-SAHARAN AFRICA,-72.20%,D2023,$5.43
NZ,New Zealand,OCEANIA,-39.86%,D2019,$9.79
NZ,New Zealand,OCEANIA,-39.86%,D2020,$6.06
NZ,New Zealand,OCEANIA,-39.86%,D2021,$6.99
NZ,New Zealand,OCEANIA,-39.86%,D2022,$10.52
NZ,New Zealand,OCEANIA,-39.86%,D2023,$5.89
US,United States,NORTHERN AMERICA,-28.06%,D2019,$8.34
US,United States,NORTHERN AMERICA,-28.06%,D2020,$8.00
US,United States,NORTHERN AMERICA,-28.06%,D2021,$3.33
US,United States,NORTHERN AMERICA,-28.06%,D2022,$6.88
US,United States,NORTHERN AMERICA,-28.06%,D2023,$6.00
MH,Marshall Islands,OCEANIA,MISSSING DATA,D2019,NO PACKAGES
MH,Marshall Islands,OCEANIA,MISSSING DATA,D2020,NO PACKAGES
MH,Marshall Islands,OCEANIA,MISSSING DATA,D2021,NO PACKAGES
MH,Marshall Islands,OCEANIA,MISSSING DATA,D2022,NO PACKAGES
MH,Marshall Islands,OCEANIA,MISSSING DATA,D2023,$6.08
TV,Tuvalu,OCEANIA,-51.00%,D2019,$12.42
TV,Tuvalu,OCEANIA,-51.00%,D2020,NO PACKAGES
TV,Tuvalu,OCEANIA,-51.00%,D2021,$6.35
TV,Tuvalu,OCEANIA,-51.00%,D2022,$16.58
TV,Tuvalu,OCEANIA,-51.00%,D2023,$6.08
AX,Åland Islands,WESTERN EUROPE,32.11%,D2019,$4.64
AX,Åland Islands,WESTERN EUROPE,32.11%,D2020,$3.24
AX,Åland Islands,WESTERN EUROPE,32.11%,D2021,$2.75
AX,Åland Islands,WESTERN EUROPE,32.11%,D2022,$7.00
AX,Åland Islands,WESTERN EUROPE,32.11%,D2023,$6.12
NF,Norfolk Island,OCEANIA,MISSSING DATA,D2019,NO PACKAGES
NF,Norfolk Island,OCEANIA,MISSSING DATA,D2020,NO PACKAGES
NF,Norfolk Island,OCEANIA,MISSSING DATA,D2021,NO PACKAGES
NF,Norfolk Island,OCEANIA,MISSSING DATA,D2022,NO PACKAGES
NF,Norfolk Island,OCEANIA,MISSSING DATA,D2023,$6.39
SB,Solomon Islands,OCEANIA,-16.76%,D2019,$8.37
SB,Solomon Islands,OCEANIA,-16.76%,D2020,$8.53
SB,Solomon Islands,OCEANIA,-16.76%,D2021,$7.83
SB,Solomon Islands,OCEANIA,-16.76%,D2022,$12.13
SB,Solomon Islands,OCEANIA,-16.76%,D2023,$6.96
FM,Micronesia (Federated States of),OCEANIA,-44.76%,D2019,$12.87
FM,Micronesia (Federated States of),OCEANIA,-44.76%,D2020,$7.20
FM,Micronesia (Federated States of),OCEANIA,-44.76%,D2021,$7.85
FM,Micronesia (Federated States of),OCEANIA,-44.76%,D2022,$10.43
FM,Micronesia (Federated States of),OCEANIA,-44.76%,D2023,$7.11
CH,Switzerland,WESTERN EUROPE,-63.95%,D2019,$20.22
CH,Switzerland,WESTERN EUROPE,-63.95%,D2020,$8.38
CH,Switzerland,WESTERN EUROPE,-63.95%,D2021,$5.24
CH,Switzerland,WESTERN EUROPE,-63.95%,D2022,$15.55
CH,Switzerland,WESTERN EUROPE,-63.95%,D2023,$7.29
ZM,Zambia,SUB-SAHARAN AFRICA,256.49%,D2019,$2.25
ZM,Zambia,SUB-SAHARAN AFRICA,256.49%,D2020,$1.36
ZM,Zambia,SUB-SAHARAN AFRICA,256.49%,D2021,$1.13
ZM,Zambia,SUB-SAHARAN AFRICA,256.49%,D2022,$1.36
ZM,Zambia,SUB-SAHARAN AFRICA,256.49%,D2023,$8.01
KY,Cayman Islands,CARIBBEAN,-68.67%,D2019,$26.79
KY,Cayman Islands,CARIBBEAN,-68.67%,D2020,$23.05
KY,Cayman Islands,CARIBBEAN,-68.67%,D2021,$11.97
KY,Cayman Islands,CARIBBEAN,-68.67%,D2022,$2.00
KY,Cayman Islands,CARIBBEAN,-68.67%,D2023,$8.39
SJ,Svalbard and Jan Mayen,WESTERN EUROPE,-23.46%,D2019,$11.76
SJ,Svalbard and Jan Mayen,WESTERN EUROPE,-23.46%,D2020,$5.90
SJ,Svalbard and Jan Mayen,WESTERN EUROPE,-23.46%,D2021,$4.65
SJ,Svalbard and Jan Mayen,WESTERN EUROPE,-23.46%,D2022,NO PACKAGES
SJ,Svalbard and Jan Mayen,WESTERN EUROPE,-23.46%,D2023,$9.00
CF,Central African Republic,SUB-SAHARAN AFRICA,80.65%,D2019,$6.03
CF,Central African Republic,SUB-SAHARAN AFRICA,80.65%,D2020,$8.25
CF,Central African Republic,SUB-SAHARAN AFRICA,80.65%,D2021,$9.03
CF,Central African Republic,SUB-SAHARAN AFRICA,80.65%,D2022,$10.42
CF,Central African Republic,SUB-SAHARAN AFRICA,80.65%,D2023,$10.90
TM,Turkmenistan,CIS (FORMER USSR),-42.37%,D2019,$19.81
TM,Turkmenistan,CIS (FORMER USSR),-42.37%,D2020,$11.44
TM,Turkmenistan,CIS (FORMER USSR),-42.37%,D2021,$21.41
TM,Turkmenistan,CIS (FORMER USSR),-42.37%,D2022,$2.20
TM,Turkmenistan,CIS (FORMER USSR),-42.37%,D2023,$11.42
YE,Yemen,NEAR EAST,-0.30%,D2019,$15.73
YE,Yemen,NEAR EAST,-0.30%,D2020,$15.98
YE,Yemen,NEAR EAST,-0.30%,D2021,$15.98
YE,Yemen,NEAR EAST,-0.30%,D2022,$2.22
YE,Yemen,NEAR EAST,-0.30%,D2023,$15.68
TK,Tokelau,OCEANIA,-42.46%,D2019,$29.96
TK,Tokelau,OCEANIA,-42.46%,D2020,$17.75
TK,Tokelau,OCEANIA,-42.46%,D2021,$20.48
TK,Tokelau,OCEANIA,-42.46%,D2022,$2.22
TK,Tokelau,OCEANIA,-42.46%,D2023,$17.24
SS,South Sudan,SUB-SAHARAN AFRICA,MISSSING DATA,D2019,NO PACKAGES
SS,South Sudan,SUB-SAHARAN AFRICA,MISSSING DATA,D2020,NO PACKAGES
SS,South Sudan,SUB-SAHARAN AFRICA,MISSSING DATA,D2021,NO PACKAGES
SS,South Sudan,SUB-SAHARAN AFRICA,MISSSING DATA,D2022,$2.75
SS,South Sudan,SUB-SAHARAN AFRICA,MISSSING DATA,D2023,$23.70
SH,Saint Helena,SUB-SAHARAN AFRICA,-35.94%,D2019,$62.65
SH,Saint Helena,SUB-SAHARAN AFRICA,-35.94%,D2020,$52.50
SH,Saint Helena,SUB-SAHARAN AFRICA,-35.94%,D2021,$39.87
SH,Saint Helena,SUB-SAHARAN AFRICA,-35.94%,D2022,$43.79
SH,Saint Helena,SUB-SAHARAN AFRICA,-35.94%,D2023,$40.13
FK,Falkland Islands,SOUTH AMERICA,-26.84%,D2019,$55.47
FK,Falkland Islands,SOUTH AMERICA,-26.84%,D2020,$40.41
FK,Falkland Islands,SOUTH AMERICA,-26.84%,D2021,$44.56
FK,Falkland Islands,SOUTH AMERICA,-26.84%,D2022,$5.10
FK,Falkland Islands,SOUTH AMERICA,-26.84%,D2023,$40.58
ZW,Zimbabwe,SUB-SAHARAN AFRICA,MISSSING DATA,D2019,NO PACKAGES
ZW,Zimbabwe,SUB-SAHARAN AFRICA,MISSSING DATA,D2020,NO PACKAGES
ZW,Zimbabwe,SUB-SAHARAN AFRICA,MISSSING DATA,D2021,NO PACKAGES
ZW,Zimbabwe,SUB-SAHARAN AFRICA,MISSSING DATA,D2022,NO PACKAGES
ZW,Zimbabwe,SUB-SAHARAN AFRICA,MISSSING DATA,D2023,$43.75
BG,Bulgaria,EASTERN EUROPE,MISSSING DATA,D2019,$11.51
BG,Bulgaria,EASTERN EUROPE,MISSSING DATA,D2020,$2.22
BG,Bulgaria,EASTERN EUROPE,MISSSING DATA,D2021,$2.26
BG,Bulgaria,EASTERN EUROPE,MISSSING DATA,D2022,$0.90
BG,Bulgaria,EASTERN EUROPE,MISSSING DATA,D2023,"NO LIMITED PACKAGES, AV USE UNAVAILABLE"
WF,Wallis and Futuna,OCEANIA,MISSSING DATA,D2019,NO PACKAGES
WF,Wallis and Futuna,OCEANIA,MISSSING DATA,D2020,NO PACKAGES
WF,Wallis and Futuna,OCEANIA,MISSSING DATA,D2021,NO PACKAGES
WF,Wallis and Futuna,OCEANIA,MISSSING DATA,D2022,NO PACKAGES
WF,Wallis and Futuna,OCEANIA,MISSSING DATA,D2023,NO PACKAGES
CX,Christmas Island,OCEANIA,MISSSING DATA,D2019,NO PACKAGES
CX,Christmas Island,OCEANIA,MISSSING DATA,D2020,NO PACKAGES
CX,Christmas Island,OCEANIA,MISSSING DATA,D2021,NO PACKAGES
CX,Christmas Island,OCEANIA,MISSSING DATA,D2022,NO PACKAGES
CX,Christmas Island,OCEANIA,MISSSING DATA,D2023,NO PACKAGES
ER,Eritrea,NORTHERN AFRICA,MISSSING DATA,D2019,NO PACKAGES
ER,Eritrea,NORTHERN AFRICA,MISSSING DATA,D2020,NO PACKAGES
ER,Eritrea,NORTHERN AFRICA,MISSSING DATA,D2021,NO PACKAGES
ER,Eritrea,NORTHERN AFRICA,MISSSING DATA,D2022,NO PACKAGES
ER,Eritrea,NORTHERN AFRICA,MISSSING DATA,D2023,NO PACKAGES
KP,North Korea,ASIA (EX. NEAR EAST),MISSSING DATA,D2019,NO PACKAGES
KP,North Korea,ASIA (EX. NEAR EAST),MISSSING DATA,D2020,NO PACKAGES
KP,North Korea,ASIA (EX. NEAR EAST),MISSSING DATA,D2021,NO PACKAGES
KP,North Korea,ASIA (EX. NEAR EAST),MISSSING DATA,D2022,NO PACKAGES
KP,North Korea,ASIA (EX. NEAR EAST),MISSSING DATA,D2023,NO PACKAGES
PN,Pitcairn Islands,OCEANIA,MISSSING DATA,D2019,NO PACKAGES
PN,Pitcairn Islands,OCEANIA,MISSSING DATA,D2020,NO PACKAGES
PN,Pitcairn Islands,OCEANIA,MISSSING DATA,D2021,NO PACKAGES
PN,Pitcairn Islands,OCEANIA,MISSSING DATA,D2022,NO PACKAGES
PN,Pitcairn Islands,OCEANIA,MISSSING DATA,D2023,NO PACKAGES
TF,French Southern and Antarctic Lands,OCEANIA,MISSSING DATA,D2019,NO PACKAGES
TF,French Southern and Antarctic Lands,OCEANIA,MISSSING DATA,D2020,NO PACKAGES
TF,French Southern and Antarctic Lands,OCEANIA,MISSSING DATA,D2021,NO PACKAGES
TF,French Southern and Antarctic Lands,OCEANIA,MISSSING DATA,D2022,NO PACKAGES
TF,French Southern and Antarctic Lands,OCEANIA,MISSSING DATA,D2023,NO PACKAGES
UM,United States Minor Outlying Islands,NORTH AMERICA,MISSSING DATA,D2019,NO PACKAGES
UM,United States Minor Outlying Islands,NORTH AMERICA,MISSSING DATA,D2020,NO PACKAGES
UM,United States Minor Outlying Islands,NORTH AMERICA,MISSSING DATA,D2021,NO PACKAGES
UM,United States Minor Outlying Islands,NORTH AMERICA,MISSSING DATA,D2022,NO PACKAGES
UM,United States Minor Outlying Islands,NORTH AMERICA,MISSSING DATA,D2023,NO PACKAGES
VA,Vatican City (Holy See),WESTERN EUROPE,MISSSING DATA,D2019,NO PACKAGES
VA,Vatican City (Holy See),WESTERN EUROPE,MISSSING DATA,D2020,NO PACKAGES
VA,Vatican City (Holy See),WESTERN EUROPE,MISSSING DATA,D2021,NO PACKAGES
VA,Vatican City (Holy See),WESTERN EUROPE,MISSSING DATA,D2022,NO PACKAGES
VA,Vatican City (Holy See),WESTERN EUROPE,MISSSING DATA,D2023,NO PACKAGES
,Global Averages,,,D2019,8.18
,Global Averages,,,D2020,5.09
,Global Averages,,,D2021,4.07
,Global Averages,,,D2022,3.12
,Global Averages,,,D2023,2.61
